"GEO_ID","NAME","B25027_001E","B25027_001M","B25027_002E","B25027_002M","B25027_003E","B25027_003M","B25027_004E","B25027_004M","B25027_005E","B25027_005M","B25027_006E","B25027_006M","B25027_007E","B25027_007M","B25027_008E","B25027_008M","B25027_009E","B25027_009M","B25027_010E","B25027_010M","B25027_011E","B25027_011M","B25027_012E","B25027_012M","B25027_013E","B25027_013M","B25027_014E","B25027_014M","B25027_015E","B25027_015M","B25027_016E","B25027_016M","B25027_017E","B25027_017M",
"Geography","Geographic Area Name","Estimate!!Total:","Margin of Error!!Total:","Estimate!!Total:!!Housing units with a mortgage:","Margin of Error!!Total:!!Housing units with a mortgage:","Estimate!!Total:!!Housing units with a mortgage:!!Householder 15 to 34 years","Margin of Error!!Total:!!Housing units with a mortgage:!!Householder 15 to 34 years","Estimate!!Total:!!Housing units with a mortgage:!!Householder 35 to 44 years","Margin of Error!!Total:!!Housing units with a mortgage:!!Householder 35 to 44 years","Estimate!!Total:!!Housing units with a mortgage:!!Householder 45 to 54 years","Margin of Error!!Total:!!Housing units with a mortgage:!!Householder 45 to 54 years","Estimate!!Total:!!Housing units with a mortgage:!!Householder 55 to 59 years","Margin of Error!!Total:!!Housing units with a mortgage:!!Householder 55 to 59 years","Estimate!!Total:!!Housing units with a mortgage:!!Householder 60 to 64 years","Margin of Error!!Total:!!Housing units with a mortgage:!!Householder 60 to 64 years","Estimate!!Total:!!Housing units with a mortgage:!!Householder 65 to 74 years","Margin of Error!!Total:!!Housing units with a mortgage:!!Householder 65 to 74 years","Estimate!!Total:!!Housing units with a mortgage:!!Householder 75 years and over","Margin of Error!!Total:!!Housing units with a mortgage:!!Householder 75 years and over","Estimate!!Total:!!Housing units without a mortgage:","Margin of Error!!Total:!!Housing units without a mortgage:","Estimate!!Total:!!Housing units without a mortgage:!!Householder 15 to 34 years","Margin of Error!!Total:!!Housing units without a mortgage:!!Householder 15 to 34 years","Estimate!!Total:!!Housing units without a mortgage:!!Householder 35 to 44 years","Margin of Error!!Total:!!Housing units without a mortgage:!!Householder 35 to 44 years","Estimate!!Total:!!Housing units without a mortgage:!!Householder 45 to 54 years","Margin of Error!!Total:!!Housing units without a mortgage:!!Householder 45 to 54 years","Estimate!!Total:!!Housing units without a mortgage:!!Householder 55 to 59 years","Margin of Error!!Total:!!Housing units without a mortgage:!!Householder 55 to 59 years","Estimate!!Total:!!Housing units without a mortgage:!!Householder 60 to 64 years","Margin of Error!!Total:!!Housing units without a mortgage:!!Householder 60 to 64 years","Estimate!!Total:!!Housing units without a mortgage:!!Householder 65 to 74 years","Margin of Error!!Total:!!Housing units without a mortgage:!!Householder 65 to 74 years","Estimate!!Total:!!Housing units without a mortgage:!!Householder 75 years and over","Margin of Error!!Total:!!Housing units without a mortgage:!!Householder 75 years and over",
"0500000US15001","Hawaii County, Hawaii","53333","1236","29803","1177","1978","316","5474","572","5739","527","3103","430","3562","463","7015","588","2932","357","23530","1023","799","182","1242","294","2742","331","2115","382","2909","369","8343","575","5380","399",
"0500000US15003","Honolulu County, Hawaii","200686","2098","131733","2023","12338","850","23182","947","27736","784","14709","748","15439","779","24707","886","13622","653","68953","1384","2772","374","3511","510","6337","595","5207","448","7908","564","18600","706","24618","801",
"0500000US15005","Kalawao County, Hawaii","0","12","0","12","0","12","0","12","0","12","0","12","0","12","0","12","0","12","0","12","0","12","0","12","0","12","0","12","0","12","0","12","0","12",
"0500000US15007","Kauai County, Hawaii","15788","586","9940","618","668","177","1484","263","2169","313","991","194","1186","246","2461","250","981","218","5848","471","153","78","227","104","539","131","573","126","783","171","2108","289","1465","206",
"0500000US15009","Maui County, Hawaii","36062","1045","23026","908","1515","322","3711","515","5146","512","2705","383","2943","342","5052","380","1954","243","13036","687","671","189","937","230","1317","232","1401","271","1603","252","4004","366","3103","328",
