"Column Name","Label"
"GEO_ID","Geography"
"NAME","Geographic Area Name"
"B25020_001E","Estimate!!Total:"
"B25020_001M","Margin of Error!!Total:"
"B25020_002E","Estimate!!Total:!!Owner occupied:"
"B25020_002M","Margin of Error!!Total:!!Owner occupied:"
"B25020_003E","Estimate!!Total:!!Owner occupied:!!1 room"
"B25020_003M","Margin of Error!!Total:!!Owner occupied:!!1 room"
"B25020_004E","Estimate!!Total:!!Owner occupied:!!2 rooms"
"B25020_004M","Margin of Error!!Total:!!Owner occupied:!!2 rooms"
"B25020_005E","Estimate!!Total:!!Owner occupied:!!3 rooms"
"B25020_005M","Margin of Error!!Total:!!Owner occupied:!!3 rooms"
"B25020_006E","Estimate!!Total:!!Owner occupied:!!4 rooms"
"B25020_006M","Margin of Error!!Total:!!Owner occupied:!!4 rooms"
"B25020_007E","Estimate!!Total:!!Owner occupied:!!5 rooms"
"B25020_007M","Margin of Error!!Total:!!Owner occupied:!!5 rooms"
"B25020_008E","Estimate!!Total:!!Owner occupied:!!6 rooms"
"B25020_008M","Margin of Error!!Total:!!Owner occupied:!!6 rooms"
"B25020_009E","Estimate!!Total:!!Owner occupied:!!7 rooms"
"B25020_009M","Margin of Error!!Total:!!Owner occupied:!!7 rooms"
"B25020_010E","Estimate!!Total:!!Owner occupied:!!8 rooms"
"B25020_010M","Margin of Error!!Total:!!Owner occupied:!!8 rooms"
"B25020_011E","Estimate!!Total:!!Owner occupied:!!9 or more rooms"
"B25020_011M","Margin of Error!!Total:!!Owner occupied:!!9 or more rooms"
"B25020_012E","Estimate!!Total:!!Renter occupied:"
"B25020_012M","Margin of Error!!Total:!!Renter occupied:"
"B25020_013E","Estimate!!Total:!!Renter occupied:!!1 room"
"B25020_013M","Margin of Error!!Total:!!Renter occupied:!!1 room"
"B25020_014E","Estimate!!Total:!!Renter occupied:!!2 rooms"
"B25020_014M","Margin of Error!!Total:!!Renter occupied:!!2 rooms"
"B25020_015E","Estimate!!Total:!!Renter occupied:!!3 rooms"
"B25020_015M","Margin of Error!!Total:!!Renter occupied:!!3 rooms"
"B25020_016E","Estimate!!Total:!!Renter occupied:!!4 rooms"
"B25020_016M","Margin of Error!!Total:!!Renter occupied:!!4 rooms"
"B25020_017E","Estimate!!Total:!!Renter occupied:!!5 rooms"
"B25020_017M","Margin of Error!!Total:!!Renter occupied:!!5 rooms"
"B25020_018E","Estimate!!Total:!!Renter occupied:!!6 rooms"
"B25020_018M","Margin of Error!!Total:!!Renter occupied:!!6 rooms"
"B25020_019E","Estimate!!Total:!!Renter occupied:!!7 rooms"
"B25020_019M","Margin of Error!!Total:!!Renter occupied:!!7 rooms"
"B25020_020E","Estimate!!Total:!!Renter occupied:!!8 rooms"
"B25020_020M","Margin of Error!!Total:!!Renter occupied:!!8 rooms"
"B25020_021E","Estimate!!Total:!!Renter occupied:!!9 or more rooms"
"B25020_021M","Margin of Error!!Total:!!Renter occupied:!!9 or more rooms"
