﻿"GEO_ID","NAME","B25020_001E","B25020_001M","B25020_002E","B25020_002M","B25020_003E","B25020_003M","B25020_004E","B25020_004M","B25020_005E","B25020_005M","B25020_006E","B25020_006M","B25020_007E","B25020_007M","B25020_008E","B25020_008M","B25020_009E","B25020_009M","B25020_010E","B25020_010M","B25020_011E","B25020_011M","B25020_012E","B25020_012M","B25020_013E","B25020_013M","B25020_014E","B25020_014M","B25020_015E","B25020_015M","B25020_016E","B25020_016M","B25020_017E","B25020_017M","B25020_018E","B25020_018M","B25020_019E","B25020_019M","B25020_020E","B25020_020M","B25020_021E","B25020_021M",
"Geography","Geographic Area Name","Estimate!!Total:","Margin of Error!!Total:","Estimate!!Total:!!Owner occupied:","Margin of Error!!Total:!!Owner occupied:","Estimate!!Total:!!Owner occupied:!!1 room","Margin of Error!!Total:!!Owner occupied:!!1 room","Estimate!!Total:!!Owner occupied:!!2 rooms","Margin of Error!!Total:!!Owner occupied:!!2 rooms","Estimate!!Total:!!Owner occupied:!!3 rooms","Margin of Error!!Total:!!Owner occupied:!!3 rooms","Estimate!!Total:!!Owner occupied:!!4 rooms","Margin of Error!!Total:!!Owner occupied:!!4 rooms","Estimate!!Total:!!Owner occupied:!!5 rooms","Margin of Error!!Total:!!Owner occupied:!!5 rooms","Estimate!!Total:!!Owner occupied:!!6 rooms","Margin of Error!!Total:!!Owner occupied:!!6 rooms","Estimate!!Total:!!Owner occupied:!!7 rooms","Margin of Error!!Total:!!Owner occupied:!!7 rooms","Estimate!!Total:!!Owner occupied:!!8 rooms","Margin of Error!!Total:!!Owner occupied:!!8 rooms","Estimate!!Total:!!Owner occupied:!!9 or more rooms","Margin of Error!!Total:!!Owner occupied:!!9 or more rooms","Estimate!!Total:!!Renter occupied:","Margin of Error!!Total:!!Renter occupied:","Estimate!!Total:!!Renter occupied:!!1 room","Margin of Error!!Total:!!Renter occupied:!!1 room","Estimate!!Total:!!Renter occupied:!!2 rooms","Margin of Error!!Total:!!Renter occupied:!!2 rooms","Estimate!!Total:!!Renter occupied:!!3 rooms","Margin of Error!!Total:!!Renter occupied:!!3 rooms","Estimate!!Total:!!Renter occupied:!!4 rooms","Margin of Error!!Total:!!Renter occupied:!!4 rooms","Estimate!!Total:!!Renter occupied:!!5 rooms","Margin of Error!!Total:!!Renter occupied:!!5 rooms","Estimate!!Total:!!Renter occupied:!!6 rooms","Margin of Error!!Total:!!Renter occupied:!!6 rooms","Estimate!!Total:!!Renter occupied:!!7 rooms","Margin of Error!!Total:!!Renter occupied:!!7 rooms","Estimate!!Total:!!Renter occupied:!!8 rooms","Margin of Error!!Total:!!Renter occupied:!!8 rooms","Estimate!!Total:!!Renter occupied:!!9 or more rooms","Margin of Error!!Total:!!Renter occupied:!!9 or more rooms",
"0500000US15001","Hawaii County, Hawaii","72958","1042","53333","1236","1044","292","1635","380","3701","483","9397","768","13401","925","10563","808","6382","641","3223","438","3987","413","19625","1026","1946","407","1206","254","3472","560","4866","616","3860","514","2702","444","807","238","298","101","468","165",
"0500000US15003","Honolulu County, Hawaii","337061","1356","200686","2098","4067","431","6310","628","17501","1184","34855","1234","38620","1272","35767","1324","21570","987","18645","968","23351","967","136375","1928","15081","929","14941","991","24560","1374","32066","1315","20138","1084","14310","884","6980","543","4155","434","4144","396",
"0500000US15005","Kalawao County, Hawaii","22","16","0","12","0","12","0","12","0","12","0","12","0","12","0","12","0","12","0","12","0","12","22","16","0","12","3","7","2","3","13","12","1","1","0","12","0","12","0","12","3","3",
"0500000US15007","Kauai County, Hawaii","23465","519","15788","586","196","128","221","100","553","129","2723","323","4568","430","3411","376","1718","258","1205","296","1193","248","7677","587","382","134","724","211","977","209","1991","329","1748","222","1214","239","286","173","292","101","63","45",
"0500000US15009","Maui County, Hawaii","55485","683","36062","1045","448","146","812","184","3588","435","7013","584","8131","609","6988","599","3550","438","2812","359","2720","342","19423","956","1542","261","2731","370","4296","547","5263","589","2820","379","1785","353","303","114","249","93","434","118",
