"Column Name","Label"
"GEO_ID","Geography"
"NAME","Geographic Area Name"
"B25027_001E","Estimate!!Total:"
"B25027_001M","Margin of Error!!Total:"
"B25027_002E","Estimate!!Total:!!Housing units with a mortgage:"
"B25027_002M","Margin of Error!!Total:!!Housing units with a mortgage:"
"B25027_003E","Estimate!!Total:!!Housing units with a mortgage:!!Householder 15 to 34 years"
"B25027_003M","Margin of Error!!Total:!!Housing units with a mortgage:!!Householder 15 to 34 years"
"B25027_004E","Estimate!!Total:!!Housing units with a mortgage:!!Householder 35 to 44 years"
"B25027_004M","Margin of Error!!Total:!!Housing units with a mortgage:!!Householder 35 to 44 years"
"B25027_005E","Estimate!!Total:!!Housing units with a mortgage:!!Householder 45 to 54 years"
"B25027_005M","Margin of Error!!Total:!!Housing units with a mortgage:!!Householder 45 to 54 years"
"B25027_006E","Estimate!!Total:!!Housing units with a mortgage:!!Householder 55 to 59 years"
"B25027_006M","Margin of Error!!Total:!!Housing units with a mortgage:!!Householder 55 to 59 years"
"B25027_007E","Estimate!!Total:!!Housing units with a mortgage:!!Householder 60 to 64 years"
"B25027_007M","Margin of Error!!Total:!!Housing units with a mortgage:!!Householder 60 to 64 years"
"B25027_008E","Estimate!!Total:!!Housing units with a mortgage:!!Householder 65 to 74 years"
"B25027_008M","Margin of Error!!Total:!!Housing units with a mortgage:!!Householder 65 to 74 years"
"B25027_009E","Estimate!!Total:!!Housing units with a mortgage:!!Householder 75 years and over"
"B25027_009M","Margin of Error!!Total:!!Housing units with a mortgage:!!Householder 75 years and over"
"B25027_010E","Estimate!!Total:!!Housing units without a mortgage:"
"B25027_010M","Margin of Error!!Total:!!Housing units without a mortgage:"
"B25027_011E","Estimate!!Total:!!Housing units without a mortgage:!!Householder 15 to 34 years"
"B25027_011M","Margin of Error!!Total:!!Housing units without a mortgage:!!Householder 15 to 34 years"
"B25027_012E","Estimate!!Total:!!Housing units without a mortgage:!!Householder 35 to 44 years"
"B25027_012M","Margin of Error!!Total:!!Housing units without a mortgage:!!Householder 35 to 44 years"
"B25027_013E","Estimate!!Total:!!Housing units without a mortgage:!!Householder 45 to 54 years"
"B25027_013M","Margin of Error!!Total:!!Housing units without a mortgage:!!Householder 45 to 54 years"
"B25027_014E","Estimate!!Total:!!Housing units without a mortgage:!!Householder 55 to 59 years"
"B25027_014M","Margin of Error!!Total:!!Housing units without a mortgage:!!Householder 55 to 59 years"
"B25027_015E","Estimate!!Total:!!Housing units without a mortgage:!!Householder 60 to 64 years"
"B25027_015M","Margin of Error!!Total:!!Housing units without a mortgage:!!Householder 60 to 64 years"
"B25027_016E","Estimate!!Total:!!Housing units without a mortgage:!!Householder 65 to 74 years"
"B25027_016M","Margin of Error!!Total:!!Housing units without a mortgage:!!Householder 65 to 74 years"
"B25027_017E","Estimate!!Total:!!Housing units without a mortgage:!!Householder 75 years and over"
"B25027_017M","Margin of Error!!Total:!!Housing units without a mortgage:!!Householder 75 years and over"
