"GEO_ID","NAME","B25022_001E","B25022_001M","B25022_002E","B25022_002M","B25022_003E","B25022_003M",
"Geography","Geographic Area Name","Estimate!!Aggregate number of rooms:","Margin of Error!!Aggregate number of rooms:","Estimate!!Aggregate number of rooms:!!Owner occupied","Margin of Error!!Aggregate number of rooms:!!Owner occupied","Estimate!!Aggregate number of rooms:!!Renter occupied","Margin of Error!!Aggregate number of rooms:!!Renter occupied",
"0500000US15001","Hawaii County, Hawaii","377600","6425","294333","7390","83267","5129",
"0500000US15003","Honolulu County, Hawaii","1719354","11827","1158767","13904","560587","9929",
"0500000US15005","Kalawao County, Hawaii","111","68","-","**","111","68",
"0500000US15007","Kauai County, Hawaii","124019","3332","90341","3644","33678","2840",
"0500000US15009","Maui County, Hawaii","273993","4906","199358","5906","74635","4074",
