"GEO_ID","NAME","B25026_001E","B25026_001M","B25026_002E","B25026_002M","B25026_003E","B25026_003M","B25026_004E","B25026_004M","B25026_005E","B25026_005M","B25026_006E","B25026_006M","B25026_007E","B25026_007M","B25026_008E","B25026_008M","B25026_009E","B25026_009M","B25026_010E","B25026_010M","B25026_011E","B25026_011M","B25026_012E","B25026_012M","B25026_013E","B25026_013M","B25026_014E","B25026_014M","B25026_015E","B25026_015M",
"Geography","Geographic Area Name","Estimate!!Total population in occupied housing units:","Margin of Error!!Total population in occupied housing units:","Estimate!!Total population in occupied housing units:!!Owner occupied:","Margin of Error!!Total population in occupied housing units:!!Owner occupied:","Estimate!!Total population in occupied housing units:!!Owner occupied:!!Moved in 2021 or later","Margin of Error!!Total population in occupied housing units:!!Owner occupied:!!Moved in 2021 or later","Estimate!!Total population in occupied housing units:!!Owner occupied:!!Moved in 2018 to 2020","Margin of Error!!Total population in occupied housing units:!!Owner occupied:!!Moved in 2018 to 2020","Estimate!!Total population in occupied housing units:!!Owner occupied:!!Moved in 2010 to 2017","Margin of Error!!Total population in occupied housing units:!!Owner occupied:!!Moved in 2010 to 2017","Estimate!!Total population in occupied housing units:!!Owner occupied:!!Moved in 2000 to 2009","Margin of Error!!Total population in occupied housing units:!!Owner occupied:!!Moved in 2000 to 2009","Estimate!!Total population in occupied housing units:!!Owner occupied:!!Moved in 1990 to 1999","Margin of Error!!Total population in occupied housing units:!!Owner occupied:!!Moved in 1990 to 1999","Estimate!!Total population in occupied housing units:!!Owner occupied:!!Moved in 1989 or earlier","Margin of Error!!Total population in occupied housing units:!!Owner occupied:!!Moved in 1989 or earlier","Estimate!!Total population in occupied housing units:!!Renter occupied:","Margin of Error!!Total population in occupied housing units:!!Renter occupied:","Estimate!!Total population in occupied housing units:!!Renter occupied:!!Moved in 2021 or later","Margin of Error!!Total population in occupied housing units:!!Renter occupied:!!Moved in 2021 or later","Estimate!!Total population in occupied housing units:!!Renter occupied:!!Moved in 2018 to 2020","Margin of Error!!Total population in occupied housing units:!!Renter occupied:!!Moved in 2018 to 2020","Estimate!!Total population in occupied housing units:!!Renter occupied:!!Moved in 2010 to 2017","Margin of Error!!Total population in occupied housing units:!!Renter occupied:!!Moved in 2010 to 2017","Estimate!!Total population in occupied housing units:!!Renter occupied:!!Moved in 2000 to 2009","Margin of Error!!Total population in occupied housing units:!!Renter occupied:!!Moved in 2000 to 2009","Estimate!!Total population in occupied housing units:!!Renter occupied:!!Moved in 1990 to 1999","Margin of Error!!Total population in occupied housing units:!!Renter occupied:!!Moved in 1990 to 1999","Estimate!!Total population in occupied housing units:!!Renter occupied:!!Moved in 1989 or earlier","Margin of Error!!Total population in occupied housing units:!!Renter occupied:!!Moved in 1989 or earlier",
"0500000US15001","Hawaii County, Hawaii","201166","68","145510","3365","8613","1835","20436","2197","37836","2465","32032","2348","21736","2394","24857","2167","55656","3372","6845","1467","19033","2410","19506","2426","6700","1251","1780","599","1792","599",
"0500000US15003","Honolulu County, Hawaii","969991","210","606746","5481","29201","2345","71829","3773","134634","4767","134526","4294","88452","3718","148104","4278","363245","5474","64842","2867","139288","5308","101752","4687","35569","2708","11894","1820","9900","1240",
"0500000US15005","Kalawao County, Hawaii","27","17","0","12","0","12","0","12","0","12","0","12","0","12","0","12","27","17","0","12","5","8","16","12","4","5","0","12","2","3",
"0500000US15007","Kauai County, Hawaii","72839","52","50210","1676","1770","406","6114","1001","12477","1318","11263","1448","8486","1258","10100","1165","22629","1672","2564","532","7400","955","8493","990","2104","532","1186","557","882","290",
"0500000US15009","Maui County, Hawaii","161994","221","110660","2707","5173","1139","16696","1548","26543","2166","24552","2084","15677","1797","22019","1871","51334","2704","6350","891","16279","1654","18989","2296","5786","1073","2001","607","1929","699",
