"GEO_ID","NAME","B25021_001E","B25021_001M","B25021_002E","B25021_002M","B25021_003E","B25021_003M",
"Geography","Geographic Area Name","Estimate!!Median number of rooms --!!Total:","Margin of Error!!Median number of rooms --!!Total:","Estimate!!Median number of rooms --!!Total:!!Owner occupied","Margin of Error!!Median number of rooms --!!Total:!!Owner occupied","Estimate!!Median number of rooms --!!Total:!!Renter occupied","Margin of Error!!Median number of rooms --!!Total:!!Renter occupied",
"0500000US15001","Hawaii County, Hawaii","5.0","0.2","5.3","0.1","4.2","0.2",
"0500000US15003","Honolulu County, Hawaii","4.8","0.1","5.5","0.1","3.9","0.1",
"0500000US15005","Kalawao County, Hawaii","4.0","0.4","-","**","4.0","0.4",
"0500000US15007","Kauai County, Hawaii","5.1","0.1","5.4","0.1","4.4","0.2",
"0500000US15009","Maui County, Hawaii","4.7","0.1","5.3","0.2","3.7","0.1",
