"GEO_ID","NAME","B25024_001E","B25024_001M","B25024_002E","B25024_002M","B25024_003E","B25024_003M","B25024_004E","B25024_004M","B25024_005E","B25024_005M","B25024_006E","B25024_006M","B25024_007E","B25024_007M","B25024_008E","B25024_008M","B25024_009E","B25024_009M","B25024_010E","B25024_010M","B25024_011E","B25024_011M",
"Geography","Geographic Area Name","Estimate!!Total:","Margin of Error!!Total:","Estimate!!Total:!!1, detached","Margin of Error!!Total:!!1, detached","Estimate!!Total:!!1, attached","Margin of Error!!Total:!!1, attached","Estimate!!Total:!!2","Margin of Error!!Total:!!2","Estimate!!Total:!!3 or 4","Margin of Error!!Total:!!3 or 4","Estimate!!Total:!!5 to 9","Margin of Error!!Total:!!5 to 9","Estimate!!Total:!!10 to 19","Margin of Error!!Total:!!10 to 19","Estimate!!Total:!!20 to 49","Margin of Error!!Total:!!20 to 49","Estimate!!Total:!!50 or more","Margin of Error!!Total:!!50 or more","Estimate!!Total:!!Mobile home","Margin of Error!!Total:!!Mobile home","Estimate!!Total:!!Boat, RV, van, etc.","Margin of Error!!Total:!!Boat, RV, van, etc.",
"0500000US15001","Hawaii County, Hawaii","91549","44","70530","2068","3145","1039","2022","823","2493","845","4337","975","3091","997","2680","781","2579","1012","632","451","40","68",
"0500000US15003","Honolulu County, Hawaii","376177","95","171984","4227","40686","2968","7587","1364","17932","2464","22321","2253","17810","2095","21757","2376","75160","3775","909","488","31","36",
"0500000US15007","Kauai County, Hawaii","30637","26","21734","1115","1487","583","1744","629","919","427","1599","720","1058","464","1031","495","1065","445","0","190","0","190",
"0500000US15009","Maui County, Hawaii","73588","55","43111","2134","5446","1095","2188","746","3576","1040","6471","1382","3023","954","2851","896","6450","1218","397","405","75","91",
