"Column Name","Label"
"GEO_ID","Geography"
"NAME","Geographic Area Name"
"B25033_001E","Estimate!!Total:"
"B25033_001M","Margin of Error!!Total:"
"B25033_002E","Estimate!!Total:!!Owner occupied:"
"B25033_002M","Margin of Error!!Total:!!Owner occupied:"
"B25033_003E","Estimate!!Total:!!Owner occupied:!!1, detached or attached"
"B25033_003M","Margin of Error!!Total:!!Owner occupied:!!1, detached or attached"
"B25033_004E","Estimate!!Total:!!Owner occupied:!!2 to 4"
"B25033_004M","Margin of Error!!Total:!!Owner occupied:!!2 to 4"
"B25033_005E","Estimate!!Total:!!Owner occupied:!!5 or more"
"B25033_005M","Margin of Error!!Total:!!Owner occupied:!!5 or more"
"B25033_006E","Estimate!!Total:!!Owner occupied:!!Mobile home"
"B25033_006M","Margin of Error!!Total:!!Owner occupied:!!Mobile home"
"B25033_007E","Estimate!!Total:!!Owner occupied:!!Boat, RV, van, etc."
"B25033_007M","Margin of Error!!Total:!!Owner occupied:!!Boat, RV, van, etc."
"B25033_008E","Estimate!!Total:!!Renter occupied:"
"B25033_008M","Margin of Error!!Total:!!Renter occupied:"
"B25033_009E","Estimate!!Total:!!Renter occupied:!!1, detached or attached"
"B25033_009M","Margin of Error!!Total:!!Renter occupied:!!1, detached or attached"
"B25033_010E","Estimate!!Total:!!Renter occupied:!!2 to 4"
"B25033_010M","Margin of Error!!Total:!!Renter occupied:!!2 to 4"
"B25033_011E","Estimate!!Total:!!Renter occupied:!!5 or more"
"B25033_011M","Margin of Error!!Total:!!Renter occupied:!!5 or more"
"B25033_012E","Estimate!!Total:!!Renter occupied:!!Mobile home"
"B25033_012M","Margin of Error!!Total:!!Renter occupied:!!Mobile home"
"B25033_013E","Estimate!!Total:!!Renter occupied:!!Boat, RV, van, etc."
"B25033_013M","Margin of Error!!Total:!!Renter occupied:!!Boat, RV, van, etc."
