"GEO_ID","NAME","B25036_001E","B25036_001M","B25036_002E","B25036_002M","B25036_003E","B25036_003M","B25036_004E","B25036_004M","B25036_005E","B25036_005M","B25036_006E","B25036_006M","B25036_007E","B25036_007M","B25036_008E","B25036_008M","B25036_009E","B25036_009M","B25036_010E","B25036_010M","B25036_011E","B25036_011M","B25036_012E","B25036_012M","B25036_013E","B25036_013M","B25036_014E","B25036_014M","B25036_015E","B25036_015M","B25036_016E","B25036_016M","B25036_017E","B25036_017M","B25036_018E","B25036_018M","B25036_019E","B25036_019M","B25036_020E","B25036_020M","B25036_021E","B25036_021M","B25036_022E","B25036_022M","B25036_023E","B25036_023M",
"Geography","Geographic Area Name","Estimate!!Total:","Margin of Error!!Total:","Estimate!!Total:!!Owner occupied:","Margin of Error!!Total:!!Owner occupied:","Estimate!!Total:!!Owner occupied:!!Built 2020 or later","Margin of Error!!Total:!!Owner occupied:!!Built 2020 or later","Estimate!!Total:!!Owner occupied:!!Built 2010 to 2019","Margin of Error!!Total:!!Owner occupied:!!Built 2010 to 2019","Estimate!!Total:!!Owner occupied:!!Built 2000 to 2009","Margin of Error!!Total:!!Owner occupied:!!Built 2000 to 2009","Estimate!!Total:!!Owner occupied:!!Built 1990 to 1999","Margin of Error!!Total:!!Owner occupied:!!Built 1990 to 1999","Estimate!!Total:!!Owner occupied:!!Built 1980 to 1989","Margin of Error!!Total:!!Owner occupied:!!Built 1980 to 1989","Estimate!!Total:!!Owner occupied:!!Built 1970 to 1979","Margin of Error!!Total:!!Owner occupied:!!Built 1970 to 1979","Estimate!!Total:!!Owner occupied:!!Built 1960 to 1969","Margin of Error!!Total:!!Owner occupied:!!Built 1960 to 1969","Estimate!!Total:!!Owner occupied:!!Built 1950 to 1959","Margin of Error!!Total:!!Owner occupied:!!Built 1950 to 1959","Estimate!!Total:!!Owner occupied:!!Built 1940 to 1949","Margin of Error!!Total:!!Owner occupied:!!Built 1940 to 1949","Estimate!!Total:!!Owner occupied:!!Built 1939 or earlier","Margin of Error!!Total:!!Owner occupied:!!Built 1939 or earlier","Estimate!!Total:!!Renter occupied:","Margin of Error!!Total:!!Renter occupied:","Estimate!!Total:!!Renter occupied:!!Built 2020 or later","Margin of Error!!Total:!!Renter occupied:!!Built 2020 or later","Estimate!!Total:!!Renter occupied:!!Built 2010 to 2019","Margin of Error!!Total:!!Renter occupied:!!Built 2010 to 2019","Estimate!!Total:!!Renter occupied:!!Built 2000 to 2009","Margin of Error!!Total:!!Renter occupied:!!Built 2000 to 2009","Estimate!!Total:!!Renter occupied:!!Built 1990 to 1999","Margin of Error!!Total:!!Renter occupied:!!Built 1990 to 1999","Estimate!!Total:!!Renter occupied:!!Built 1980 to 1989","Margin of Error!!Total:!!Renter occupied:!!Built 1980 to 1989","Estimate!!Total:!!Renter occupied:!!Built 1970 to 1979","Margin of Error!!Total:!!Renter occupied:!!Built 1970 to 1979","Estimate!!Total:!!Renter occupied:!!Built 1960 to 1969","Margin of Error!!Total:!!Renter occupied:!!Built 1960 to 1969","Estimate!!Total:!!Renter occupied:!!Built 1950 to 1959","Margin of Error!!Total:!!Renter occupied:!!Built 1950 to 1959","Estimate!!Total:!!Renter occupied:!!Built 1940 to 1949","Margin of Error!!Total:!!Renter occupied:!!Built 1940 to 1949","Estimate!!Total:!!Renter occupied:!!Built 1939 or earlier","Margin of Error!!Total:!!Renter occupied:!!Built 1939 or earlier",
"0500000US15001","Hawaii County, Hawaii","72958","1042","53333","1236","328","118","4105","408","12150","764","9788","852","9445","840","9802","735","2763","372","2301","340","908","208","1743","212","19625","1026","0","28","1348","312","2826","438","3105","449","3593","519","4580","601","1778","385","779","209","622","217","994","182",
"0500000US15003","Honolulu County, Hawaii","337061","1356","200686","2098","1206","203","13134","882","20564","940","23018","973","26461","1047","46244","1202","35222","1039","21688","868","7197","608","5952","737","136375","1928","678","183","12950","865","12008","1008","16088","920","17476","1026","33566","1276","21804","1089","12211","855","5529","520","4065","416",
"0500000US15005","Kalawao County, Hawaii","22","16","0","12","0","12","0","12","0","12","0","12","0","12","0","12","0","12","0","12","0","12","0","12","22","16","0","12","0","12","4","5","6","12","0","12","0","12","0","12","0","12","0","12","12","7",
"0500000US15007","Kauai County, Hawaii","23465","519","15788","586","110","75","1037","193","2068","293","3031","406","3257","404","3282","348","1180","256","1029","212","347","131","447","138","7677","587","20","34","533","176","865","211","1188","252","1420","276","1506","288","487","160","656","185","449","161","553","130",
"0500000US15009","Maui County, Hawaii","55485","683","36062","1045","87","46","3080","384","6270","498","5955","526","7811","579","6552","626","2877","442","1476","327","835","228","1119","272","19423","956","135","88","1614","393","2374","330","3498","416","3561","470","3718","403","1857","354","1129","271","590","219","947","256",
