"GEO_ID","NAME","B25033_001E","B25033_001M","B25033_002E","B25033_002M","B25033_003E","B25033_003M","B25033_004E","B25033_004M","B25033_005E","B25033_005M","B25033_006E","B25033_006M","B25033_007E","B25033_007M","B25033_008E","B25033_008M","B25033_009E","B25033_009M","B25033_010E","B25033_010M","B25033_011E","B25033_011M","B25033_012E","B25033_012M","B25033_013E","B25033_013M",
"Geography","Geographic Area Name","Estimate!!Total:","Margin of Error!!Total:","Estimate!!Total:!!Owner occupied:","Margin of Error!!Total:!!Owner occupied:","Estimate!!Total:!!Owner occupied:!!1, detached or attached","Margin of Error!!Total:!!Owner occupied:!!1, detached or attached","Estimate!!Total:!!Owner occupied:!!2 to 4","Margin of Error!!Total:!!Owner occupied:!!2 to 4","Estimate!!Total:!!Owner occupied:!!5 or more","Margin of Error!!Total:!!Owner occupied:!!5 or more","Estimate!!Total:!!Owner occupied:!!Mobile home","Margin of Error!!Total:!!Owner occupied:!!Mobile home","Estimate!!Total:!!Owner occupied:!!Boat, RV, van, etc.","Margin of Error!!Total:!!Owner occupied:!!Boat, RV, van, etc.","Estimate!!Total:!!Renter occupied:","Margin of Error!!Total:!!Renter occupied:","Estimate!!Total:!!Renter occupied:!!1, detached or attached","Margin of Error!!Total:!!Renter occupied:!!1, detached or attached","Estimate!!Total:!!Renter occupied:!!2 to 4","Margin of Error!!Total:!!Renter occupied:!!2 to 4","Estimate!!Total:!!Renter occupied:!!5 or more","Margin of Error!!Total:!!Renter occupied:!!5 or more","Estimate!!Total:!!Renter occupied:!!Mobile home","Margin of Error!!Total:!!Renter occupied:!!Mobile home","Estimate!!Total:!!Renter occupied:!!Boat, RV, van, etc.","Margin of Error!!Total:!!Renter occupied:!!Boat, RV, van, etc.",
"0500000US15001","Hawaii County, Hawaii","201166","68","145510","3365","137708","3504","2671","773","4398","651","476","324","257","139","55656","3372","38243","3537","6100","1167","10775","1484","336","349","202","252",
"0500000US15003","Honolulu County, Hawaii","969991","210","606746","5481","489550","5609","19041","1680","95947","3938","2047","918","161","161","363245","5474","174489","4720","43278","3078","144285","4332","1138","592","55","53",
"0500000US15005","Kalawao County, Hawaii","27","17","0","12","0","12","0","12","0","12","0","12","0","12","27","17","26","16","1","4","0","12","0","12","0","12",
"0500000US15007","Kauai County, Hawaii","72839","52","50210","1676","47122","1758","1260","446","1709","761","119","130","0","28","22629","1672","16554","1571","2598","623","3422","656","55","98","0","28",
"0500000US15009","Maui County, Hawaii","161994","221","110660","2707","99400","2892","4208","983","6873","949","95","113","84","82","51334","2704","33962","2793","6019","1126","10709","1216","600","296","44","46",
