"GEO_ID","NAME","B25038_001E","B25038_001M","B25038_002E","B25038_002M","B25038_003E","B25038_003M","B25038_004E","B25038_004M","B25038_005E","B25038_005M","B25038_006E","B25038_006M","B25038_007E","B25038_007M","B25038_008E","B25038_008M","B25038_009E","B25038_009M","B25038_010E","B25038_010M","B25038_011E","B25038_011M","B25038_012E","B25038_012M","B25038_013E","B25038_013M","B25038_014E","B25038_014M","B25038_015E","B25038_015M",
"Geography","Geographic Area Name","Estimate!!Total:","Margin of Error!!Total:","Estimate!!Total:!!Owner occupied:","Margin of Error!!Total:!!Owner occupied:","Estimate!!Total:!!Owner occupied:!!Moved in 2021 or later","Margin of Error!!Total:!!Owner occupied:!!Moved in 2021 or later","Estimate!!Total:!!Owner occupied:!!Moved in 2018 to 2020","Margin of Error!!Total:!!Owner occupied:!!Moved in 2018 to 2020","Estimate!!Total:!!Owner occupied:!!Moved in 2010 to 2017","Margin of Error!!Total:!!Owner occupied:!!Moved in 2010 to 2017","Estimate!!Total:!!Owner occupied:!!Moved in 2000 to 2009","Margin of Error!!Total:!!Owner occupied:!!Moved in 2000 to 2009","Estimate!!Total:!!Owner occupied:!!Moved in 1990 to 1999","Margin of Error!!Total:!!Owner occupied:!!Moved in 1990 to 1999","Estimate!!Total:!!Owner occupied:!!Moved in 1989 or earlier","Margin of Error!!Total:!!Owner occupied:!!Moved in 1989 or earlier","Estimate!!Total:!!Renter occupied:","Margin of Error!!Total:!!Renter occupied:","Estimate!!Total:!!Renter occupied:!!Moved in 2021 or later","Margin of Error!!Total:!!Renter occupied:!!Moved in 2021 or later","Estimate!!Total:!!Renter occupied:!!Moved in 2018 to 2020","Margin of Error!!Total:!!Renter occupied:!!Moved in 2018 to 2020","Estimate!!Total:!!Renter occupied:!!Moved in 2010 to 2017","Margin of Error!!Total:!!Renter occupied:!!Moved in 2010 to 2017","Estimate!!Total:!!Renter occupied:!!Moved in 2000 to 2009","Margin of Error!!Total:!!Renter occupied:!!Moved in 2000 to 2009","Estimate!!Total:!!Renter occupied:!!Moved in 1990 to 1999","Margin of Error!!Total:!!Renter occupied:!!Moved in 1990 to 1999","Estimate!!Total:!!Renter occupied:!!Moved in 1989 or earlier","Margin of Error!!Total:!!Renter occupied:!!Moved in 1989 or earlier",
"0500000US15001","Hawaii County, Hawaii","72958","1042","53333","1236","3428","584","7433","669","14018","877","11348","774","7724","733","9382","667","19625","1026","2586","395","6894","789","6490","694","2236","386","610","153","809","226",
"0500000US15003","Honolulu County, Hawaii","337061","1356","200686","2098","10607","763","23456","1166","43179","1487","41487","1380","29266","1025","52691","1346","136375","1928","27414","1009","50473","1582","36321","1520","13510","879","4580","498","4077","384",
"0500000US15005","Kalawao County, Hawaii","22","16","0","12","0","12","0","12","0","12","0","12","0","12","0","12","22","16","0","12","3","7","13","12","4","5","0","12","2","3",
"0500000US15007","Kauai County, Hawaii","23465","519","15788","586","712","171","2092","307","3796","368","3402","329","2552","367","3234","351","7677","587","853","164","2336","294","2855","341","957","247","328","124","348","96",
"0500000US15009","Maui County, Hawaii","55485","683","36062","1045","1730","338","5400","471","8602","691","7914","529","4903","461","7513","533","19423","956","2578","372","6142","558","6850","767","2551","436","796","212","506","144",
