"GEO_ID","NAME","B25032_001E","B25032_001M","B25032_002E","B25032_002M","B25032_003E","B25032_003M","B25032_004E","B25032_004M","B25032_005E","B25032_005M","B25032_006E","B25032_006M","B25032_007E","B25032_007M","B25032_008E","B25032_008M","B25032_009E","B25032_009M","B25032_010E","B25032_010M","B25032_011E","B25032_011M","B25032_012E","B25032_012M","B25032_013E","B25032_013M","B25032_014E","B25032_014M","B25032_015E","B25032_015M","B25032_016E","B25032_016M","B25032_017E","B25032_017M","B25032_018E","B25032_018M","B25032_019E","B25032_019M","B25032_020E","B25032_020M","B25032_021E","B25032_021M","B25032_022E","B25032_022M","B25032_023E","B25032_023M",
"Geography","Geographic Area Name","Estimate!!Total:","Margin of Error!!Total:","Estimate!!Total:!!Owner-occupied housing units:","Margin of Error!!Total:!!Owner-occupied housing units:","Estimate!!Total:!!Owner-occupied housing units:!!1, detached","Margin of Error!!Total:!!Owner-occupied housing units:!!1, detached","Estimate!!Total:!!Owner-occupied housing units:!!1, attached","Margin of Error!!Total:!!Owner-occupied housing units:!!1, attached","Estimate!!Total:!!Owner-occupied housing units:!!2","Margin of Error!!Total:!!Owner-occupied housing units:!!2","Estimate!!Total:!!Owner-occupied housing units:!!3 or 4","Margin of Error!!Total:!!Owner-occupied housing units:!!3 or 4","Estimate!!Total:!!Owner-occupied housing units:!!5 to 9","Margin of Error!!Total:!!Owner-occupied housing units:!!5 to 9","Estimate!!Total:!!Owner-occupied housing units:!!10 to 19","Margin of Error!!Total:!!Owner-occupied housing units:!!10 to 19","Estimate!!Total:!!Owner-occupied housing units:!!20 to 49","Margin of Error!!Total:!!Owner-occupied housing units:!!20 to 49","Estimate!!Total:!!Owner-occupied housing units:!!50 or more","Margin of Error!!Total:!!Owner-occupied housing units:!!50 or more","Estimate!!Total:!!Owner-occupied housing units:!!Mobile home","Margin of Error!!Total:!!Owner-occupied housing units:!!Mobile home","Estimate!!Total:!!Owner-occupied housing units:!!Boat, RV, van, etc.","Margin of Error!!Total:!!Owner-occupied housing units:!!Boat, RV, van, etc.","Estimate!!Total:!!Renter-occupied housing units:","Margin of Error!!Total:!!Renter-occupied housing units:","Estimate!!Total:!!Renter-occupied housing units:!!1, detached","Margin of Error!!Total:!!Renter-occupied housing units:!!1, detached","Estimate!!Total:!!Renter-occupied housing units:!!1, attached","Margin of Error!!Total:!!Renter-occupied housing units:!!1, attached","Estimate!!Total:!!Renter-occupied housing units:!!2","Margin of Error!!Total:!!Renter-occupied housing units:!!2","Estimate!!Total:!!Renter-occupied housing units:!!3 or 4","Margin of Error!!Total:!!Renter-occupied housing units:!!3 or 4","Estimate!!Total:!!Renter-occupied housing units:!!5 to 9","Margin of Error!!Total:!!Renter-occupied housing units:!!5 to 9","Estimate!!Total:!!Renter-occupied housing units:!!10 to 19","Margin of Error!!Total:!!Renter-occupied housing units:!!10 to 19","Estimate!!Total:!!Renter-occupied housing units:!!20 to 49","Margin of Error!!Total:!!Renter-occupied housing units:!!20 to 49","Estimate!!Total:!!Renter-occupied housing units:!!50 or more","Margin of Error!!Total:!!Renter-occupied housing units:!!50 or more","Estimate!!Total:!!Renter-occupied housing units:!!Mobile home","Margin of Error!!Total:!!Renter-occupied housing units:!!Mobile home","Estimate!!Total:!!Renter-occupied housing units:!!Boat, RV, van, etc.","Margin of Error!!Total:!!Renter-occupied housing units:!!Boat, RV, van, etc.",
"0500000US15001","Hawaii County, Hawaii","72958","1042","53333","1236","48248","1267","1443","328","228","103","668","255","905","176","534","212","325","120","685","157","115","64","182","104","19625","1026","10925","771","1147","312","1034","299","1219","242","1572","304","1384","370","1133","329","995","239","120","95","96","142",
"0500000US15003","Honolulu County, Hawaii","337061","1356","200686","2098","129267","1961","16641","982","1729","289","4976","460","8613","845","3619","423","7021","622","28330","1141","427","171","63","49","136375","1928","30364","1203","21935","838","5382","551","10702","834","13670","886","11293","730","12179","870","30493","1184","327","136","30","27",
"0500000US15005","Kalawao County, Hawaii","22","16","0","12","0","12","0","12","0","12","0","12","0","12","0","12","0","12","0","12","0","12","0","12","22","16","21","15","0","12","1","4","0","12","0","12","0","12","0","12","0","12","0","12","0","12",
"0500000US15007","Kauai County, Hawaii","23465","519","15788","586","13498","541","1082","170","226","101","243","97","144","55","305","170","104","56","157","66","29","33","0","28","7677","587","4595","445","630","173","611","214","385","121","628","174","369","147","223","119","219","104","17","31","0","28",
"0500000US15009","Maui County, Hawaii","55485","683","36062","1045","27856","868","3181","397","586","184","857","196","1503","312","640","129","460","127","925","213","29","21","25","21","19423","956","10127","810","1635","345","769","191","1406","325","1589","323","1013","259","937","238","1634","322","285","161","28","34",
