"GEO_ID","NAME","B25039_001E","B25039_001M","B25039_002E","B25039_002M","B25039_003E","B25039_003M",
"Geography","Geographic Area Name","Estimate!!Median year householder moved into unit --!!Total:","Margin of Error!!Median year householder moved into unit --!!Total:","Estimate!!Median year householder moved into unit --!!Total:!!Owner occupied","Margin of Error!!Median year householder moved into unit --!!Total:!!Owner occupied","Estimate!!Median year householder moved into unit --!!Total:!!Renter occupied","Margin of Error!!Median year householder moved into unit --!!Total:!!Renter occupied",
"0500000US15001","Hawaii County, Hawaii","2012","1","2008","2","2018","2",
"0500000US15003","Honolulu County, Hawaii","2012","1","2004","2","2019","1",
"0500000US15005","Kalawao County, Hawaii","2013","3","-","**","2013","3",
"0500000US15007","Kauai County, Hawaii","2011","1","2006","1","2016","1",
"0500000US15009","Maui County, Hawaii","2012","1","2007","1","2017","1",
