﻿"GEO_ID","NAME","B25031_001E","B25031_001M","B25031_002E","B25031_002M","B25031_003E","B25031_003M","B25031_004E","B25031_004M","B25031_005E","B25031_005M","B25031_006E","B25031_006M","B25031_007E","B25031_007M",
"Geography","Geographic Area Name","Estimate!!Median gross rent --!!Total:","Margin of Error!!Median gross rent --!!Total:","Estimate!!Median gross rent --!!Total:!!No bedroom","Margin of Error!!Median gross rent --!!Total:!!No bedroom","Estimate!!Median gross rent --!!Total:!!1 bedroom","Margin of Error!!Median gross rent --!!Total:!!1 bedroom","Estimate!!Median gross rent --!!Total:!!2 bedrooms","Margin of Error!!Median gross rent --!!Total:!!2 bedrooms","Estimate!!Median gross rent --!!Total:!!3 bedrooms","Margin of Error!!Median gross rent --!!Total:!!3 bedrooms","Estimate!!Median gross rent --!!Total:!!4 bedrooms","Margin of Error!!Median gross rent --!!Total:!!4 bedrooms","Estimate!!Median gross rent --!!Total:!!5 or more bedrooms","Margin of Error!!Median gross rent --!!Total:!!5 or more bedrooms",
"0500000US15001","Hawaii County, Hawaii","1411","39","1066","166","1064","104","1453","71","1538","97","1882","133","2070","475",
"0500000US15003","Honolulu County, Hawaii","2054","30","1400","30","1555","39","2071","42","2894","63","3427","77","3056","241",
"0500000US15005","Kalawao County, Hawaii","1300","675","-","**","-","**","-","**","-","**","-","**","-","**",
"0500000US15007","Kauai County, Hawaii","1810","79","1537","372","1233","241","1805","145","1977","163","2161","380","3,500+","***",
"0500000US15009","Maui County, Hawaii","1863","61","1233","294","1287","123","1906","75","2300","195","2962","401","2496","1801",
