"Column Name","Label"
"GEO_ID","Geography"
"NAME","Geographic Area Name"
"B25039_001E","Estimate!!Median year householder moved into unit --!!Total:"
"B25039_001M","Margin of Error!!Median year householder moved into unit --!!Total:"
"B25039_002E","Estimate!!Median year householder moved into unit --!!Total:!!Owner occupied"
"B25039_002M","Margin of Error!!Median year householder moved into unit --!!Total:!!Owner occupied"
"B25039_003E","Estimate!!Median year householder moved into unit --!!Total:!!Renter occupied"
"B25039_003M","Margin of Error!!Median year householder moved into unit --!!Total:!!Renter occupied"
