"GEO_ID","NAME","B25037_001E","B25037_001M","B25037_002E","B25037_002M","B25037_003E","B25037_003M",
"Geography","Geographic Area Name","Estimate!!Median year structure built --!!Total:","Margin of Error!!Median year structure built --!!Total:","Estimate!!Median year structure built --!!Owner occupied","Margin of Error!!Median year structure built --!!Owner occupied","Estimate!!Median year structure built --!!Renter occupied","Margin of Error!!Median year structure built --!!Renter occupied",
"0500000US15001","Hawaii County, Hawaii","1988","1","1990","2","1983","2",
"0500000US15003","Honolulu County, Hawaii","1977","1","1977","2","1977","1",
"0500000US15005","Kalawao County, Hawaii","1939-","***","-","**","1939-","***",
"0500000US15007","Kauai County, Hawaii","1984","2","1985","2","1981","3",
"0500000US15009","Maui County, Hawaii","1986","1","1987","2","1984","2",
