"GEO_ID","NAME","B25034_001E","B25034_001M","B25034_002E","B25034_002M","B25034_003E","B25034_003M","B25034_004E","B25034_004M","B25034_005E","B25034_005M","B25034_006E","B25034_006M","B25034_007E","B25034_007M","B25034_008E","B25034_008M","B25034_009E","B25034_009M","B25034_010E","B25034_010M","B25034_011E","B25034_011M",
"Geography","Geographic Area Name","Estimate!!Total:","Margin of Error!!Total:","Estimate!!Total:!!Built 2020 or later","Margin of Error!!Total:!!Built 2020 or later","Estimate!!Total:!!Built 2010 to 2019","Margin of Error!!Total:!!Built 2010 to 2019","Estimate!!Total:!!Built 2000 to 2009","Margin of Error!!Total:!!Built 2000 to 2009","Estimate!!Total:!!Built 1990 to 1999","Margin of Error!!Total:!!Built 1990 to 1999","Estimate!!Total:!!Built 1980 to 1989","Margin of Error!!Total:!!Built 1980 to 1989","Estimate!!Total:!!Built 1970 to 1979","Margin of Error!!Total:!!Built 1970 to 1979","Estimate!!Total:!!Built 1960 to 1969","Margin of Error!!Total:!!Built 1960 to 1969","Estimate!!Total:!!Built 1950 to 1959","Margin of Error!!Total:!!Built 1950 to 1959","Estimate!!Total:!!Built 1940 to 1949","Margin of Error!!Total:!!Built 1940 to 1949","Estimate!!Total:!!Built 1939 or earlier","Margin of Error!!Total:!!Built 1939 or earlier",
"0500000US15001","Hawaii County, Hawaii","89786","75","381","128","6371","539","19804","959","15525","1006","15832","1065","17404","884","5745","570","3550","405","1880","336","3294","312",
"0500000US15003","Honolulu County, Hawaii","372329","179","2138","287","28753","1219","35599","1486","42389","1289","47704","1527","89056","1527","64318","1493","37105","1120","14122","824","11145","822",
"0500000US15005","Kalawao County, Hawaii","95","19","0","12","0","12","4","5","6","12","0","12","0","12","8","4","20","8","2","5","55","14",
"0500000US15007","Kauai County, Hawaii","30392","86","172","99","1842","282","3874","430","5126","497","6201","532","7046","506","2006","346","1908","364","947","198","1270","208",
"0500000US15009","Maui County, Hawaii","72303","104","270","102","5467","589","10888","653","11620","731","14425","743","16690","765","5792","610","2960","456","1627","333","2564","384",
