"Column Name","Label"
"GEO_ID","Geography"
"NAME","Geographic Area Name"
"B25036_001E","Estimate!!Total:"
"B25036_001M","Margin of Error!!Total:"
"B25036_002E","Estimate!!Total:!!Owner occupied:"
"B25036_002M","Margin of Error!!Total:!!Owner occupied:"
"B25036_003E","Estimate!!Total:!!Owner occupied:!!Built 2020 or later"
"B25036_003M","Margin of Error!!Total:!!Owner occupied:!!Built 2020 or later"
"B25036_004E","Estimate!!Total:!!Owner occupied:!!Built 2010 to 2019"
"B25036_004M","Margin of Error!!Total:!!Owner occupied:!!Built 2010 to 2019"
"B25036_005E","Estimate!!Total:!!Owner occupied:!!Built 2000 to 2009"
"B25036_005M","Margin of Error!!Total:!!Owner occupied:!!Built 2000 to 2009"
"B25036_006E","Estimate!!Total:!!Owner occupied:!!Built 1990 to 1999"
"B25036_006M","Margin of Error!!Total:!!Owner occupied:!!Built 1990 to 1999"
"B25036_007E","Estimate!!Total:!!Owner occupied:!!Built 1980 to 1989"
"B25036_007M","Margin of Error!!Total:!!Owner occupied:!!Built 1980 to 1989"
"B25036_008E","Estimate!!Total:!!Owner occupied:!!Built 1970 to 1979"
"B25036_008M","Margin of Error!!Total:!!Owner occupied:!!Built 1970 to 1979"
"B25036_009E","Estimate!!Total:!!Owner occupied:!!Built 1960 to 1969"
"B25036_009M","Margin of Error!!Total:!!Owner occupied:!!Built 1960 to 1969"
"B25036_010E","Estimate!!Total:!!Owner occupied:!!Built 1950 to 1959"
"B25036_010M","Margin of Error!!Total:!!Owner occupied:!!Built 1950 to 1959"
"B25036_011E","Estimate!!Total:!!Owner occupied:!!Built 1940 to 1949"
"B25036_011M","Margin of Error!!Total:!!Owner occupied:!!Built 1940 to 1949"
"B25036_012E","Estimate!!Total:!!Owner occupied:!!Built 1939 or earlier"
"B25036_012M","Margin of Error!!Total:!!Owner occupied:!!Built 1939 or earlier"
"B25036_013E","Estimate!!Total:!!Renter occupied:"
"B25036_013M","Margin of Error!!Total:!!Renter occupied:"
"B25036_014E","Estimate!!Total:!!Renter occupied:!!Built 2020 or later"
"B25036_014M","Margin of Error!!Total:!!Renter occupied:!!Built 2020 or later"
"B25036_015E","Estimate!!Total:!!Renter occupied:!!Built 2010 to 2019"
"B25036_015M","Margin of Error!!Total:!!Renter occupied:!!Built 2010 to 2019"
"B25036_016E","Estimate!!Total:!!Renter occupied:!!Built 2000 to 2009"
"B25036_016M","Margin of Error!!Total:!!Renter occupied:!!Built 2000 to 2009"
"B25036_017E","Estimate!!Total:!!Renter occupied:!!Built 1990 to 1999"
"B25036_017M","Margin of Error!!Total:!!Renter occupied:!!Built 1990 to 1999"
"B25036_018E","Estimate!!Total:!!Renter occupied:!!Built 1980 to 1989"
"B25036_018M","Margin of Error!!Total:!!Renter occupied:!!Built 1980 to 1989"
"B25036_019E","Estimate!!Total:!!Renter occupied:!!Built 1970 to 1979"
"B25036_019M","Margin of Error!!Total:!!Renter occupied:!!Built 1970 to 1979"
"B25036_020E","Estimate!!Total:!!Renter occupied:!!Built 1960 to 1969"
"B25036_020M","Margin of Error!!Total:!!Renter occupied:!!Built 1960 to 1969"
"B25036_021E","Estimate!!Total:!!Renter occupied:!!Built 1950 to 1959"
"B25036_021M","Margin of Error!!Total:!!Renter occupied:!!Built 1950 to 1959"
"B25036_022E","Estimate!!Total:!!Renter occupied:!!Built 1940 to 1949"
"B25036_022M","Margin of Error!!Total:!!Renter occupied:!!Built 1940 to 1949"
"B25036_023E","Estimate!!Total:!!Renter occupied:!!Built 1939 or earlier"
"B25036_023M","Margin of Error!!Total:!!Renter occupied:!!Built 1939 or earlier"
