﻿"GEO_ID","NAME","B25010_001E","B25010_001M","B25010_002E","B25010_002M","B25010_003E","B25010_003M",
"Geography","Geographic Area Name","Estimate!!Average household size --!!Total:","Margin of Error!!Average household size --!!Total:","Estimate!!Average household size --!!Total:!!Owner occupied","Margin of Error!!Average household size --!!Total:!!Owner occupied","Estimate!!Average household size --!!Total:!!Renter occupied","Margin of Error!!Average household size --!!Total:!!Renter occupied",
"0500000US15001","Hawaii County, Hawaii","2.76","0.04","2.73","0.05","2.84","0.12",
"0500000US15003","Honolulu County, Hawaii","2.88","0.01","3.02","0.02","2.66","0.03",
"0500000US15005","Kalawao County, Hawaii","1.23","0.21","-","**","1.23","0.21",
"0500000US15007","Kauai County, Hawaii","3.10","0.07","3.18","0.09","2.95","0.15",
"0500000US15009","Maui County, Hawaii","2.92","0.04","3.07","0.06","2.64","0.09",
