"GEO_ID","NAME","B25017_001E","B25017_001M","B25017_002E","B25017_002M","B25017_003E","B25017_003M","B25017_004E","B25017_004M","B25017_005E","B25017_005M","B25017_006E","B25017_006M","B25017_007E","B25017_007M","B25017_008E","B25017_008M","B25017_009E","B25017_009M","B25017_010E","B25017_010M",
"Geography","Geographic Area Name","Estimate!!Total:","Margin of Error!!Total:","Estimate!!Total:!!1 room","Margin of Error!!Total:!!1 room","Estimate!!Total:!!2 rooms","Margin of Error!!Total:!!2 rooms","Estimate!!Total:!!3 rooms","Margin of Error!!Total:!!3 rooms","Estimate!!Total:!!4 rooms","Margin of Error!!Total:!!4 rooms","Estimate!!Total:!!5 rooms","Margin of Error!!Total:!!5 rooms","Estimate!!Total:!!6 rooms","Margin of Error!!Total:!!6 rooms","Estimate!!Total:!!7 rooms","Margin of Error!!Total:!!7 rooms","Estimate!!Total:!!8 rooms","Margin of Error!!Total:!!8 rooms","Estimate!!Total:!!9 or more rooms","Margin of Error!!Total:!!9 or more rooms",
"0500000US15001","Hawaii County, Hawaii","89786","75","4048","486","3635","490","9470","709","18092","922","21921","1145","15411","899","8216","693","3982","486","5011","453",
"0500000US15003","Honolulu County, Hawaii","372329","179","24466","1178","25418","1162","49759","1757","73444","1960","64119","1720","53280","1669","29945","1151","23746","1049","28152","1067",
"0500000US15005","Kalawao County, Hawaii","95","19","2","4","36","10","23","9","28","15","3","3","0","12","0","12","0","12","3","3",
"0500000US15007","Kauai County, Hawaii","30392","86","1015","229","1551","232","3112","303","6591","554","7236","436","5472","459","2328","320","1729","316","1358","249",
"0500000US15009","Maui County, Hawaii","72303","104","3079","380","8686","650","13231","825","14696","750","12522","826","9382","640","4185","479","3173","373","3349","369",
