"GEO_ID","NAME","B25014A_001E","B25014A_001M","B25014A_002E","B25014A_002M","B25014A_003E","B25014A_003M",
"Geography","Geographic Area Name","Estimate!!Total:","Margin of Error!!Total:","Estimate!!Total:!!1.00 or less occupants per room","Margin of Error!!Total:!!1.00 or less occupants per room","Estimate!!Total:!!1.01 or more occupants per room","Margin of Error!!Total:!!1.01 or more occupants per room",
"0500000US15001","Hawaii County, Hawaii","29666","802","28610","839","1056","275",
"0500000US15003","Honolulu County, Hawaii","80624","1222","77479","1199","3145","350",
"0500000US15005","Kalawao County, Hawaii","3","3","3","3","0","12",
"0500000US15007","Kauai County, Hawaii","9454","377","9226","382","228","93",
"0500000US15009","Maui County, Hawaii","23221","689","22066","699","1155","215",
