"Column Name","Label"
"GEO_ID","Geography"
"NAME","Geographic Area Name"
"B25012_001E","Estimate!!Total:"
"B25012_001M","Margin of Error!!Total:"
"B25012_002E","Estimate!!Total:!!Owner-occupied housing units:"
"B25012_002M","Margin of Error!!Total:!!Owner-occupied housing units:"
"B25012_003E","Estimate!!Total:!!Owner-occupied housing units:!!With related children of the householder under 18:"
"B25012_003M","Margin of Error!!Total:!!Owner-occupied housing units:!!With related children of the householder under 18:"
"B25012_004E","Estimate!!Total:!!Owner-occupied housing units:!!With related children of the householder under 18:!!With own children of the householder under 18:"
"B25012_004M","Margin of Error!!Total:!!Owner-occupied housing units:!!With related children of the householder under 18:!!With own children of the householder under 18:"
"B25012_005E","Estimate!!Total:!!Owner-occupied housing units:!!With related children of the householder under 18:!!With own children of the householder under 18:!!Under 6 years only"
"B25012_005M","Margin of Error!!Total:!!Owner-occupied housing units:!!With related children of the householder under 18:!!With own children of the householder under 18:!!Under 6 years only"
"B25012_006E","Estimate!!Total:!!Owner-occupied housing units:!!With related children of the householder under 18:!!With own children of the householder under 18:!!Under 6 years and 6 to 17 years"
"B25012_006M","Margin of Error!!Total:!!Owner-occupied housing units:!!With related children of the householder under 18:!!With own children of the householder under 18:!!Under 6 years and 6 to 17 years"
"B25012_007E","Estimate!!Total:!!Owner-occupied housing units:!!With related children of the householder under 18:!!With own children of the householder under 18:!!6 to 17 years"
"B25012_007M","Margin of Error!!Total:!!Owner-occupied housing units:!!With related children of the householder under 18:!!With own children of the householder under 18:!!6 to 17 years"
"B25012_008E","Estimate!!Total:!!Owner-occupied housing units:!!With related children of the householder under 18:!!No own children of the householder under 18"
"B25012_008M","Margin of Error!!Total:!!Owner-occupied housing units:!!With related children of the householder under 18:!!No own children of the householder under 18"
"B25012_009E","Estimate!!Total:!!Owner-occupied housing units:!!No related children of the householder under 18"
"B25012_009M","Margin of Error!!Total:!!Owner-occupied housing units:!!No related children of the householder under 18"
"B25012_010E","Estimate!!Total:!!Renter-occupied housing units:"
"B25012_010M","Margin of Error!!Total:!!Renter-occupied housing units:"
"B25012_011E","Estimate!!Total:!!Renter-occupied housing units:!!With related children of the householder under 18:"
"B25012_011M","Margin of Error!!Total:!!Renter-occupied housing units:!!With related children of the householder under 18:"
"B25012_012E","Estimate!!Total:!!Renter-occupied housing units:!!With related children of the householder under 18:!!With own children of the householder under 18:"
"B25012_012M","Margin of Error!!Total:!!Renter-occupied housing units:!!With related children of the householder under 18:!!With own children of the householder under 18:"
"B25012_013E","Estimate!!Total:!!Renter-occupied housing units:!!With related children of the householder under 18:!!With own children of the householder under 18:!!Under 6 years only"
"B25012_013M","Margin of Error!!Total:!!Renter-occupied housing units:!!With related children of the householder under 18:!!With own children of the householder under 18:!!Under 6 years only"
"B25012_014E","Estimate!!Total:!!Renter-occupied housing units:!!With related children of the householder under 18:!!With own children of the householder under 18:!!Under 6 years and 6 to 17 years"
"B25012_014M","Margin of Error!!Total:!!Renter-occupied housing units:!!With related children of the householder under 18:!!With own children of the householder under 18:!!Under 6 years and 6 to 17 years"
"B25012_015E","Estimate!!Total:!!Renter-occupied housing units:!!With related children of the householder under 18:!!With own children of the householder under 18:!!6 to 17 years"
"B25012_015M","Margin of Error!!Total:!!Renter-occupied housing units:!!With related children of the householder under 18:!!With own children of the householder under 18:!!6 to 17 years"
"B25012_016E","Estimate!!Total:!!Renter-occupied housing units:!!With related children of the householder under 18:!!No own children of the householder under 18"
"B25012_016M","Margin of Error!!Total:!!Renter-occupied housing units:!!With related children of the householder under 18:!!No own children of the householder under 18"
"B25012_017E","Estimate!!Total:!!Renter-occupied housing units:!!No related children of the householder under 18"
"B25012_017M","Margin of Error!!Total:!!Renter-occupied housing units:!!No related children of the householder under 18"
