"GEO_ID","NAME","B25014C_001E","B25014C_001M","B25014C_002E","B25014C_002M","B25014C_003E","B25014C_003M",
"Geography","Geographic Area Name","Estimate!!Total:","Margin of Error!!Total:","Estimate!!Total:!!1.00 or less occupants per room","Margin of Error!!Total:!!1.00 or less occupants per room","Estimate!!Total:!!1.01 or more occupants per room","Margin of Error!!Total:!!1.01 or more occupants per room",
"0500000US15001","Hawaii County, Hawaii","294","142","223","113","71","82",
"0500000US15003","Honolulu County, Hawaii","795","188","724","187","71","48",
"0500000US15005","Kalawao County, Hawaii","5","11","5","11","0","12",
"0500000US15007","Kauai County, Hawaii","57","32","57","32","0","28",
"0500000US15009","Maui County, Hawaii","386","159","358","165","28","31",
