"GEO_ID","NAME","B25013_001E","B25013_001M","B25013_002E","B25013_002M","B25013_003E","B25013_003M","B25013_004E","B25013_004M","B25013_005E","B25013_005M","B25013_006E","B25013_006M","B25013_007E","B25013_007M","B25013_008E","B25013_008M","B25013_009E","B25013_009M","B25013_010E","B25013_010M","B25013_011E","B25013_011M",
"Geography","Geographic Area Name","Estimate!!Total:","Margin of Error!!Total:","Estimate!!Total:!!Owner-occupied housing units:","Margin of Error!!Total:!!Owner-occupied housing units:","Estimate!!Total:!!Owner-occupied housing units:!!Less than high school graduate","Margin of Error!!Total:!!Owner-occupied housing units:!!Less than high school graduate","Estimate!!Total:!!Owner-occupied housing units:!!High school graduate (including equivalency)","Margin of Error!!Total:!!Owner-occupied housing units:!!High school graduate (including equivalency)","Estimate!!Total:!!Owner-occupied housing units:!!Some college or associate's degree","Margin of Error!!Total:!!Owner-occupied housing units:!!Some college or associate's degree","Estimate!!Total:!!Owner-occupied housing units:!!Bachelor's degree or higher","Margin of Error!!Total:!!Owner-occupied housing units:!!Bachelor's degree or higher","Estimate!!Total:!!Renter-occupied housing units:","Margin of Error!!Total:!!Renter-occupied housing units:","Estimate!!Total:!!Renter-occupied housing units:!!Less than high school graduate","Margin of Error!!Total:!!Renter-occupied housing units:!!Less than high school graduate","Estimate!!Total:!!Renter-occupied housing units:!!High school graduate (including equivalency)","Margin of Error!!Total:!!Renter-occupied housing units:!!High school graduate (including equivalency)","Estimate!!Total:!!Renter-occupied housing units:!!Some college or associate's degree","Margin of Error!!Total:!!Renter-occupied housing units:!!Some college or associate's degree","Estimate!!Total:!!Renter-occupied housing units:!!Bachelor's degree or higher","Margin of Error!!Total:!!Renter-occupied housing units:!!Bachelor's degree or higher",
"0500000US15001","Hawaii County, Hawaii","72958","1042","53333","1236","2362","435","11628","804","19026","1069","20317","739","19625","1026","1533","276","5981","716","6896","725","5215","720",
"0500000US15003","Honolulu County, Hawaii","337061","1356","200686","2098","8685","616","36040","1336","59320","1685","96641","2070","136375","1928","8781","746","33591","1432","47186","1534","46817","1350",
"0500000US15005","Kalawao County, Hawaii","22","16","0","12","0","12","0","12","0","12","0","12","22","16","2","3","10","12","0","12","10","8",
"0500000US15007","Kauai County, Hawaii","23465","519","15788","586","693","203","3221","356","5619","477","6255","431","7677","587","711","185","2038","290","2765","376","2163","346",
"0500000US15009","Maui County, Hawaii","55485","683","36062","1045","1693","297","7680","650","12752","795","13937","673","19423","956","1465","375","5846","588","7230","600","4882","510",
