"Column Name","Label"
"GEO_ID","Geography"
"NAME","Geographic Area Name"
"B25013_001E","Estimate!!Total:"
"B25013_001M","Margin of Error!!Total:"
"B25013_002E","Estimate!!Total:!!Owner-occupied housing units:"
"B25013_002M","Margin of Error!!Total:!!Owner-occupied housing units:"
"B25013_003E","Estimate!!Total:!!Owner-occupied housing units:!!Less than high school graduate"
"B25013_003M","Margin of Error!!Total:!!Owner-occupied housing units:!!Less than high school graduate"
"B25013_004E","Estimate!!Total:!!Owner-occupied housing units:!!High school graduate (including equivalency)"
"B25013_004M","Margin of Error!!Total:!!Owner-occupied housing units:!!High school graduate (including equivalency)"
"B25013_005E","Estimate!!Total:!!Owner-occupied housing units:!!Some college or associate's degree"
"B25013_005M","Margin of Error!!Total:!!Owner-occupied housing units:!!Some college or associate's degree"
"B25013_006E","Estimate!!Total:!!Owner-occupied housing units:!!Bachelor's degree or higher"
"B25013_006M","Margin of Error!!Total:!!Owner-occupied housing units:!!Bachelor's degree or higher"
"B25013_007E","Estimate!!Total:!!Renter-occupied housing units:"
"B25013_007M","Margin of Error!!Total:!!Renter-occupied housing units:"
"B25013_008E","Estimate!!Total:!!Renter-occupied housing units:!!Less than high school graduate"
"B25013_008M","Margin of Error!!Total:!!Renter-occupied housing units:!!Less than high school graduate"
"B25013_009E","Estimate!!Total:!!Renter-occupied housing units:!!High school graduate (including equivalency)"
"B25013_009M","Margin of Error!!Total:!!Renter-occupied housing units:!!High school graduate (including equivalency)"
"B25013_010E","Estimate!!Total:!!Renter-occupied housing units:!!Some college or associate's degree"
"B25013_010M","Margin of Error!!Total:!!Renter-occupied housing units:!!Some college or associate's degree"
"B25013_011E","Estimate!!Total:!!Renter-occupied housing units:!!Bachelor's degree or higher"
"B25013_011M","Margin of Error!!Total:!!Renter-occupied housing units:!!Bachelor's degree or higher"
