"GEO_ID","NAME","B25014F_001E","B25014F_001M","B25014F_002E","B25014F_002M","B25014F_003E","B25014F_003M",
"Geography","Geographic Area Name","Estimate!!Total:","Margin of Error!!Total:","Estimate!!Total:!!1.00 or less occupants per room","Margin of Error!!Total:!!1.00 or less occupants per room","Estimate!!Total:!!1.01 or more occupants per room","Margin of Error!!Total:!!1.01 or more occupants per room",
"0500000US15001","Hawaii County, Hawaii","1133","312","959","261","174","125",
"0500000US15003","Honolulu County, Hawaii","4373","547","4121","525","252","118",
"0500000US15005","Kalawao County, Hawaii","0","12","0","12","0","12",
"0500000US15007","Kauai County, Hawaii","304","114","274","107","30","28",
"0500000US15009","Maui County, Hawaii","880","247","781","241","99","65",
