"GEO_ID","NAME","B25014_001E","B25014_001M","B25014_002E","B25014_002M","B25014_003E","B25014_003M","B25014_004E","B25014_004M","B25014_005E","B25014_005M","B25014_006E","B25014_006M","B25014_007E","B25014_007M","B25014_008E","B25014_008M","B25014_009E","B25014_009M","B25014_010E","B25014_010M","B25014_011E","B25014_011M","B25014_012E","B25014_012M","B25014_013E","B25014_013M",
"Geography","Geographic Area Name","Estimate!!Total:","Margin of Error!!Total:","Estimate!!Total:!!Owner occupied:","Margin of Error!!Total:!!Owner occupied:","Estimate!!Total:!!Owner occupied:!!0.50 or less occupants per room","Margin of Error!!Total:!!Owner occupied:!!0.50 or less occupants per room","Estimate!!Total:!!Owner occupied:!!0.51 to 1.00 occupants per room","Margin of Error!!Total:!!Owner occupied:!!0.51 to 1.00 occupants per room","Estimate!!Total:!!Owner occupied:!!1.01 to 1.50 occupants per room","Margin of Error!!Total:!!Owner occupied:!!1.01 to 1.50 occupants per room","Estimate!!Total:!!Owner occupied:!!1.51 to 2.00 occupants per room","Margin of Error!!Total:!!Owner occupied:!!1.51 to 2.00 occupants per room","Estimate!!Total:!!Owner occupied:!!2.01 or more occupants per room","Margin of Error!!Total:!!Owner occupied:!!2.01 or more occupants per room","Estimate!!Total:!!Renter occupied:","Margin of Error!!Total:!!Renter occupied:","Estimate!!Total:!!Renter occupied:!!0.50 or less occupants per room","Margin of Error!!Total:!!Renter occupied:!!0.50 or less occupants per room","Estimate!!Total:!!Renter occupied:!!0.51 to 1.00 occupants per room","Margin of Error!!Total:!!Renter occupied:!!0.51 to 1.00 occupants per room","Estimate!!Total:!!Renter occupied:!!1.01 to 1.50 occupants per room","Margin of Error!!Total:!!Renter occupied:!!1.01 to 1.50 occupants per room","Estimate!!Total:!!Renter occupied:!!1.51 to 2.00 occupants per room","Margin of Error!!Total:!!Renter occupied:!!1.51 to 2.00 occupants per room","Estimate!!Total:!!Renter occupied:!!2.01 or more occupants per room","Margin of Error!!Total:!!Renter occupied:!!2.01 or more occupants per room",
"0500000US15001","Hawaii County, Hawaii","72958","1042","53333","1236","35774","1184","14782","809","1760","290","822","219","195","112","19625","1026","9250","629","7183","704","1867","374","851","313","474","206",
"0500000US15003","Honolulu County, Hawaii","337061","1356","200686","2098","122120","1979","65577","1743","8151","735","3296","370","1542","339","136375","1928","63015","1942","56912","1772","8347","679","6192","551","1909","353",
"0500000US15005","Kalawao County, Hawaii","22","16","0","12","0","12","0","12","0","12","0","12","0","12","22","16","20","15","2","4","0","12","0","12","0","12",
"0500000US15007","Kauai County, Hawaii","23465","519","15788","586","10209","463","4525","471","761","214","252","117","41","23","7677","587","3906","438","2999","379","468","121","222","83","82","86",
"0500000US15009","Maui County, Hawaii","55485","683","36062","1045","21627","939","11613","772","1788","261","704","203","330","138","19423","956","8529","690","8039","651","1570","331","1125","276","160","101",
