"Column Name","Label"
"GEO_ID","Geography"
"NAME","Geographic Area Name"
"B25011_001E","Estimate!!Total:"
"B25011_001M","Margin of Error!!Total:"
"B25011_002E","Estimate!!Total:!!Owner occupied:"
"B25011_002M","Margin of Error!!Total:!!Owner occupied:"
"B25011_003E","Estimate!!Total:!!Owner occupied:!!Family households:"
"B25011_003M","Margin of Error!!Total:!!Owner occupied:!!Family households:"
"B25011_004E","Estimate!!Total:!!Owner occupied:!!Family households:!!Married-couple family:"
"B25011_004M","Margin of Error!!Total:!!Owner occupied:!!Family households:!!Married-couple family:"
"B25011_005E","Estimate!!Total:!!Owner occupied:!!Family households:!!Married-couple family:!!Householder 15 to 34 years"
"B25011_005M","Margin of Error!!Total:!!Owner occupied:!!Family households:!!Married-couple family:!!Householder 15 to 34 years"
"B25011_006E","Estimate!!Total:!!Owner occupied:!!Family households:!!Married-couple family:!!Householder 35 to 64 years"
"B25011_006M","Margin of Error!!Total:!!Owner occupied:!!Family households:!!Married-couple family:!!Householder 35 to 64 years"
"B25011_007E","Estimate!!Total:!!Owner occupied:!!Family households:!!Married-couple family:!!Householder 65 years and over"
"B25011_007M","Margin of Error!!Total:!!Owner occupied:!!Family households:!!Married-couple family:!!Householder 65 years and over"
"B25011_008E","Estimate!!Total:!!Owner occupied:!!Family households:!!Other family:"
"B25011_008M","Margin of Error!!Total:!!Owner occupied:!!Family households:!!Other family:"
"B25011_009E","Estimate!!Total:!!Owner occupied:!!Family households:!!Other family:!!Male householder, no spouse present:"
"B25011_009M","Margin of Error!!Total:!!Owner occupied:!!Family households:!!Other family:!!Male householder, no spouse present:"
"B25011_010E","Estimate!!Total:!!Owner occupied:!!Family households:!!Other family:!!Male householder, no spouse present:!!Householder 15 to 34 years"
"B25011_010M","Margin of Error!!Total:!!Owner occupied:!!Family households:!!Other family:!!Male householder, no spouse present:!!Householder 15 to 34 years"
"B25011_011E","Estimate!!Total:!!Owner occupied:!!Family households:!!Other family:!!Male householder, no spouse present:!!Householder 35 to 64 years"
"B25011_011M","Margin of Error!!Total:!!Owner occupied:!!Family households:!!Other family:!!Male householder, no spouse present:!!Householder 35 to 64 years"
"B25011_012E","Estimate!!Total:!!Owner occupied:!!Family households:!!Other family:!!Male householder, no spouse present:!!Householder 65 years and over"
"B25011_012M","Margin of Error!!Total:!!Owner occupied:!!Family households:!!Other family:!!Male householder, no spouse present:!!Householder 65 years and over"
"B25011_013E","Estimate!!Total:!!Owner occupied:!!Family households:!!Other family:!!Female householder, no spouse present:"
"B25011_013M","Margin of Error!!Total:!!Owner occupied:!!Family households:!!Other family:!!Female householder, no spouse present:"
"B25011_014E","Estimate!!Total:!!Owner occupied:!!Family households:!!Other family:!!Female householder, no spouse present:!!Householder 15 to 34 years"
"B25011_014M","Margin of Error!!Total:!!Owner occupied:!!Family households:!!Other family:!!Female householder, no spouse present:!!Householder 15 to 34 years"
"B25011_015E","Estimate!!Total:!!Owner occupied:!!Family households:!!Other family:!!Female householder, no spouse present:!!Householder 35 to 64 years"
"B25011_015M","Margin of Error!!Total:!!Owner occupied:!!Family households:!!Other family:!!Female householder, no spouse present:!!Householder 35 to 64 years"
"B25011_016E","Estimate!!Total:!!Owner occupied:!!Family households:!!Other family:!!Female householder, no spouse present:!!Householder 65 years and over"
"B25011_016M","Margin of Error!!Total:!!Owner occupied:!!Family households:!!Other family:!!Female householder, no spouse present:!!Householder 65 years and over"
"B25011_017E","Estimate!!Total:!!Owner occupied:!!Nonfamily households:"
"B25011_017M","Margin of Error!!Total:!!Owner occupied:!!Nonfamily households:"
"B25011_018E","Estimate!!Total:!!Owner occupied:!!Nonfamily households:!!Householder living alone:"
"B25011_018M","Margin of Error!!Total:!!Owner occupied:!!Nonfamily households:!!Householder living alone:"
"B25011_019E","Estimate!!Total:!!Owner occupied:!!Nonfamily households:!!Householder living alone:!!Householder 15 to 34 years"
"B25011_019M","Margin of Error!!Total:!!Owner occupied:!!Nonfamily households:!!Householder living alone:!!Householder 15 to 34 years"
"B25011_020E","Estimate!!Total:!!Owner occupied:!!Nonfamily households:!!Householder living alone:!!Householder 35 to 64 years"
"B25011_020M","Margin of Error!!Total:!!Owner occupied:!!Nonfamily households:!!Householder living alone:!!Householder 35 to 64 years"
"B25011_021E","Estimate!!Total:!!Owner occupied:!!Nonfamily households:!!Householder living alone:!!Householder 65 years and over"
"B25011_021M","Margin of Error!!Total:!!Owner occupied:!!Nonfamily households:!!Householder living alone:!!Householder 65 years and over"
"B25011_022E","Estimate!!Total:!!Owner occupied:!!Nonfamily households:!!Householder not living alone:"
"B25011_022M","Margin of Error!!Total:!!Owner occupied:!!Nonfamily households:!!Householder not living alone:"
"B25011_023E","Estimate!!Total:!!Owner occupied:!!Nonfamily households:!!Householder not living alone:!!Householder 15 to 34 years"
"B25011_023M","Margin of Error!!Total:!!Owner occupied:!!Nonfamily households:!!Householder not living alone:!!Householder 15 to 34 years"
"B25011_024E","Estimate!!Total:!!Owner occupied:!!Nonfamily households:!!Householder not living alone:!!Householder 35 to 64 years"
"B25011_024M","Margin of Error!!Total:!!Owner occupied:!!Nonfamily households:!!Householder not living alone:!!Householder 35 to 64 years"
"B25011_025E","Estimate!!Total:!!Owner occupied:!!Nonfamily households:!!Householder not living alone:!!Householder 65 years and over"
"B25011_025M","Margin of Error!!Total:!!Owner occupied:!!Nonfamily households:!!Householder not living alone:!!Householder 65 years and over"
"B25011_026E","Estimate!!Total:!!Renter occupied:"
"B25011_026M","Margin of Error!!Total:!!Renter occupied:"
"B25011_027E","Estimate!!Total:!!Renter occupied:!!Family households:"
"B25011_027M","Margin of Error!!Total:!!Renter occupied:!!Family households:"
"B25011_028E","Estimate!!Total:!!Renter occupied:!!Family households:!!Married-couple family:"
"B25011_028M","Margin of Error!!Total:!!Renter occupied:!!Family households:!!Married-couple family:"
"B25011_029E","Estimate!!Total:!!Renter occupied:!!Family households:!!Married-couple family:!!Householder 15 to 34 years"
"B25011_029M","Margin of Error!!Total:!!Renter occupied:!!Family households:!!Married-couple family:!!Householder 15 to 34 years"
"B25011_030E","Estimate!!Total:!!Renter occupied:!!Family households:!!Married-couple family:!!Householder 35 to 64 years"
"B25011_030M","Margin of Error!!Total:!!Renter occupied:!!Family households:!!Married-couple family:!!Householder 35 to 64 years"
"B25011_031E","Estimate!!Total:!!Renter occupied:!!Family households:!!Married-couple family:!!Householder 65 years and over"
"B25011_031M","Margin of Error!!Total:!!Renter occupied:!!Family households:!!Married-couple family:!!Householder 65 years and over"
"B25011_032E","Estimate!!Total:!!Renter occupied:!!Family households:!!Other family:"
"B25011_032M","Margin of Error!!Total:!!Renter occupied:!!Family households:!!Other family:"
"B25011_033E","Estimate!!Total:!!Renter occupied:!!Family households:!!Other family:!!Male householder, no spouse present:"
"B25011_033M","Margin of Error!!Total:!!Renter occupied:!!Family households:!!Other family:!!Male householder, no spouse present:"
"B25011_034E","Estimate!!Total:!!Renter occupied:!!Family households:!!Other family:!!Male householder, no spouse present:!!Householder 15 to 34 years"
"B25011_034M","Margin of Error!!Total:!!Renter occupied:!!Family households:!!Other family:!!Male householder, no spouse present:!!Householder 15 to 34 years"
"B25011_035E","Estimate!!Total:!!Renter occupied:!!Family households:!!Other family:!!Male householder, no spouse present:!!Householder 35 to 64 years"
"B25011_035M","Margin of Error!!Total:!!Renter occupied:!!Family households:!!Other family:!!Male householder, no spouse present:!!Householder 35 to 64 years"
"B25011_036E","Estimate!!Total:!!Renter occupied:!!Family households:!!Other family:!!Male householder, no spouse present:!!Householder 65 years and over"
"B25011_036M","Margin of Error!!Total:!!Renter occupied:!!Family households:!!Other family:!!Male householder, no spouse present:!!Householder 65 years and over"
"B25011_037E","Estimate!!Total:!!Renter occupied:!!Family households:!!Other family:!!Female householder, no spouse present:"
"B25011_037M","Margin of Error!!Total:!!Renter occupied:!!Family households:!!Other family:!!Female householder, no spouse present:"
"B25011_038E","Estimate!!Total:!!Renter occupied:!!Family households:!!Other family:!!Female householder, no spouse present:!!Householder 15 to 34 years"
"B25011_038M","Margin of Error!!Total:!!Renter occupied:!!Family households:!!Other family:!!Female householder, no spouse present:!!Householder 15 to 34 years"
"B25011_039E","Estimate!!Total:!!Renter occupied:!!Family households:!!Other family:!!Female householder, no spouse present:!!Householder 35 to 64 years"
"B25011_039M","Margin of Error!!Total:!!Renter occupied:!!Family households:!!Other family:!!Female householder, no spouse present:!!Householder 35 to 64 years"
"B25011_040E","Estimate!!Total:!!Renter occupied:!!Family households:!!Other family:!!Female householder, no spouse present:!!Householder 65 years and over"
"B25011_040M","Margin of Error!!Total:!!Renter occupied:!!Family households:!!Other family:!!Female householder, no spouse present:!!Householder 65 years and over"
"B25011_041E","Estimate!!Total:!!Renter occupied:!!Nonfamily households:"
"B25011_041M","Margin of Error!!Total:!!Renter occupied:!!Nonfamily households:"
"B25011_042E","Estimate!!Total:!!Renter occupied:!!Nonfamily households:!!Householder living alone:"
"B25011_042M","Margin of Error!!Total:!!Renter occupied:!!Nonfamily households:!!Householder living alone:"
"B25011_043E","Estimate!!Total:!!Renter occupied:!!Nonfamily households:!!Householder living alone:!!Householder 15 to 34 years"
"B25011_043M","Margin of Error!!Total:!!Renter occupied:!!Nonfamily households:!!Householder living alone:!!Householder 15 to 34 years"
"B25011_044E","Estimate!!Total:!!Renter occupied:!!Nonfamily households:!!Householder living alone:!!Householder 35 to 64 years"
"B25011_044M","Margin of Error!!Total:!!Renter occupied:!!Nonfamily households:!!Householder living alone:!!Householder 35 to 64 years"
"B25011_045E","Estimate!!Total:!!Renter occupied:!!Nonfamily households:!!Householder living alone:!!Householder 65 years and over"
"B25011_045M","Margin of Error!!Total:!!Renter occupied:!!Nonfamily households:!!Householder living alone:!!Householder 65 years and over"
"B25011_046E","Estimate!!Total:!!Renter occupied:!!Nonfamily households:!!Householder not living alone:"
"B25011_046M","Margin of Error!!Total:!!Renter occupied:!!Nonfamily households:!!Householder not living alone:"
"B25011_047E","Estimate!!Total:!!Renter occupied:!!Nonfamily households:!!Householder not living alone:!!Householder 15 to 34 years"
"B25011_047M","Margin of Error!!Total:!!Renter occupied:!!Nonfamily households:!!Householder not living alone:!!Householder 15 to 34 years"
"B25011_048E","Estimate!!Total:!!Renter occupied:!!Nonfamily households:!!Householder not living alone:!!Householder 35 to 64 years"
"B25011_048M","Margin of Error!!Total:!!Renter occupied:!!Nonfamily households:!!Householder not living alone:!!Householder 35 to 64 years"
"B25011_049E","Estimate!!Total:!!Renter occupied:!!Nonfamily households:!!Householder not living alone:!!Householder 65 years and over"
"B25011_049M","Margin of Error!!Total:!!Renter occupied:!!Nonfamily households:!!Householder not living alone:!!Householder 65 years and over"
