"GEO_ID","NAME","B25014E_001E","B25014E_001M","B25014E_002E","B25014E_002M","B25014E_003E","B25014E_003M",
"Geography","Geographic Area Name","Estimate!!Total:","Margin of Error!!Total:","Estimate!!Total:!!1.00 or less occupants per room","Margin of Error!!Total:!!1.00 or less occupants per room","Estimate!!Total:!!1.01 or more occupants per room","Margin of Error!!Total:!!1.01 or more occupants per room",
"0500000US15001","Hawaii County, Hawaii","8283","687","7053","741","1230","302",
"0500000US15003","Honolulu County, Hawaii","25180","1069","19370","975","5810","557",
"0500000US15005","Kalawao County, Hawaii","6","5","6","5","0","12",
"0500000US15007","Kauai County, Hawaii","2124","204","1741","193","383","114",
"0500000US15009","Maui County, Hawaii","4657","347","3669","336","988","240",
