"GEO_ID","NAME","B25012_001E","B25012_001M","B25012_002E","B25012_002M","B25012_003E","B25012_003M","B25012_004E","B25012_004M","B25012_005E","B25012_005M","B25012_006E","B25012_006M","B25012_007E","B25012_007M","B25012_008E","B25012_008M","B25012_009E","B25012_009M","B25012_010E","B25012_010M","B25012_011E","B25012_011M","B25012_012E","B25012_012M","B25012_013E","B25012_013M","B25012_014E","B25012_014M","B25012_015E","B25012_015M","B25012_016E","B25012_016M","B25012_017E","B25012_017M",
"Geography","Geographic Area Name","Estimate!!Total:","Margin of Error!!Total:","Estimate!!Total:!!Owner-occupied housing units:","Margin of Error!!Total:!!Owner-occupied housing units:","Estimate!!Total:!!Owner-occupied housing units:!!With related children of the householder under 18:","Margin of Error!!Total:!!Owner-occupied housing units:!!With related children of the householder under 18:","Estimate!!Total:!!Owner-occupied housing units:!!With related children of the householder under 18:!!With own children of the householder under 18:","Margin of Error!!Total:!!Owner-occupied housing units:!!With related children of the householder under 18:!!With own children of the householder under 18:","Estimate!!Total:!!Owner-occupied housing units:!!With related children of the householder under 18:!!With own children of the householder under 18:!!Under 6 years only","Margin of Error!!Total:!!Owner-occupied housing units:!!With related children of the householder under 18:!!With own children of the householder under 18:!!Under 6 years only","Estimate!!Total:!!Owner-occupied housing units:!!With related children of the householder under 18:!!With own children of the householder under 18:!!Under 6 years and 6 to 17 years","Margin of Error!!Total:!!Owner-occupied housing units:!!With related children of the householder under 18:!!With own children of the householder under 18:!!Under 6 years and 6 to 17 years","Estimate!!Total:!!Owner-occupied housing units:!!With related children of the householder under 18:!!With own children of the householder under 18:!!6 to 17 years","Margin of Error!!Total:!!Owner-occupied housing units:!!With related children of the householder under 18:!!With own children of the householder under 18:!!6 to 17 years","Estimate!!Total:!!Owner-occupied housing units:!!With related children of the householder under 18:!!No own children of the householder under 18","Margin of Error!!Total:!!Owner-occupied housing units:!!With related children of the householder under 18:!!No own children of the householder under 18","Estimate!!Total:!!Owner-occupied housing units:!!No related children of the householder under 18","Margin of Error!!Total:!!Owner-occupied housing units:!!No related children of the householder under 18","Estimate!!Total:!!Renter-occupied housing units:","Margin of Error!!Total:!!Renter-occupied housing units:","Estimate!!Total:!!Renter-occupied housing units:!!With related children of the householder under 18:","Margin of Error!!Total:!!Renter-occupied housing units:!!With related children of the householder under 18:","Estimate!!Total:!!Renter-occupied housing units:!!With related children of the householder under 18:!!With own children of the householder under 18:","Margin of Error!!Total:!!Renter-occupied housing units:!!With related children of the householder under 18:!!With own children of the householder under 18:","Estimate!!Total:!!Renter-occupied housing units:!!With related children of the householder under 18:!!With own children of the householder under 18:!!Under 6 years only","Margin of Error!!Total:!!Renter-occupied housing units:!!With related children of the householder under 18:!!With own children of the householder under 18:!!Under 6 years only","Estimate!!Total:!!Renter-occupied housing units:!!With related children of the householder under 18:!!With own children of the householder under 18:!!Under 6 years and 6 to 17 years","Margin of Error!!Total:!!Renter-occupied housing units:!!With related children of the householder under 18:!!With own children of the householder under 18:!!Under 6 years and 6 to 17 years","Estimate!!Total:!!Renter-occupied housing units:!!With related children of the householder under 18:!!With own children of the householder under 18:!!6 to 17 years","Margin of Error!!Total:!!Renter-occupied housing units:!!With related children of the householder under 18:!!With own children of the householder under 18:!!6 to 17 years","Estimate!!Total:!!Renter-occupied housing units:!!With related children of the householder under 18:!!No own children of the householder under 18","Margin of Error!!Total:!!Renter-occupied housing units:!!With related children of the householder under 18:!!No own children of the householder under 18","Estimate!!Total:!!Renter-occupied housing units:!!No related children of the householder under 18","Margin of Error!!Total:!!Renter-occupied housing units:!!No related children of the householder under 18",
"0500000US15001","Hawaii County, Hawaii","72958","1042","53333","1236","12818","857","9767","742","1300","287","1801","389","6666","607","3051","492","40515","1188","19625","1026","7525","689","6766","696","1327","324","1624","387","3815","527","759","184","12100","826",
"0500000US15003","Honolulu County, Hawaii","337061","1356","200686","2098","57045","1428","43577","1295","7936","686","6945","626","28696","1005","13468","760","143641","2048","136375","1928","45372","1298","41092","1221","11765","774","9428","626","19899","862","4280","588","91003","1901",
"0500000US15005","Kalawao County, Hawaii","22","16","0","12","0","12","0","12","0","12","0","12","0","12","0","12","0","12","22","16","0","12","0","12","0","12","0","12","0","12","0","12","22","16",
"0500000US15007","Kauai County, Hawaii","23465","519","15788","586","4376","415","3388","391","362","131","609","185","2417","374","988","220","11412","459","7677","587","2505","358","2039","301","266","128","514","138","1259","243","466","155","5172","544",
"0500000US15009","Maui County, Hawaii","55485","683","36062","1045","10882","665","8211","657","1298","251","1510","343","5403","560","2671","338","25180","918","19423","956","6515","643","5682","616","1193","289","1305","333","3184","456","833","245","12908","743",
