"Column Name","Label"
"GEO_ID","Geography"
"NAME","Geographic Area Name"
"B25017_001E","Estimate!!Total:"
"B25017_001M","Margin of Error!!Total:"
"B25017_002E","Estimate!!Total:!!1 room"
"B25017_002M","Margin of Error!!Total:!!1 room"
"B25017_003E","Estimate!!Total:!!2 rooms"
"B25017_003M","Margin of Error!!Total:!!2 rooms"
"B25017_004E","Estimate!!Total:!!3 rooms"
"B25017_004M","Margin of Error!!Total:!!3 rooms"
"B25017_005E","Estimate!!Total:!!4 rooms"
"B25017_005M","Margin of Error!!Total:!!4 rooms"
"B25017_006E","Estimate!!Total:!!5 rooms"
"B25017_006M","Margin of Error!!Total:!!5 rooms"
"B25017_007E","Estimate!!Total:!!6 rooms"
"B25017_007M","Margin of Error!!Total:!!6 rooms"
"B25017_008E","Estimate!!Total:!!7 rooms"
"B25017_008M","Margin of Error!!Total:!!7 rooms"
"B25017_009E","Estimate!!Total:!!8 rooms"
"B25017_009M","Margin of Error!!Total:!!8 rooms"
"B25017_010E","Estimate!!Total:!!9 or more rooms"
"B25017_010M","Margin of Error!!Total:!!9 or more rooms"
