"GEO_ID","NAME","B25014H_001E","B25014H_001M","B25014H_002E","B25014H_002M","B25014H_003E","B25014H_003M",
"Geography","Geographic Area Name","Estimate!!Total:","Margin of Error!!Total:","Estimate!!Total:!!1.00 or less occupants per room","Margin of Error!!Total:!!1.00 or less occupants per room","Estimate!!Total:!!1.01 or more occupants per room","Margin of Error!!Total:!!1.01 or more occupants per room",
"0500000US15001","Hawaii County, Hawaii","28674","754","27627","813","1047","274",
"0500000US15003","Honolulu County, Hawaii","75702","1118","72839","1131","2863","342",
"0500000US15005","Kalawao County, Hawaii","3","3","3","3","0","12",
"0500000US15007","Kauai County, Hawaii","9128","366","8910","374","218","91",
"0500000US15009","Maui County, Hawaii","22209","668","21085","670","1124","221",
