"GEO_ID","NAME","B25014D_001E","B25014D_001M","B25014D_002E","B25014D_002M","B25014D_003E","B25014D_003M",
"Geography","Geographic Area Name","Estimate!!Total:","Margin of Error!!Total:","Estimate!!Total:!!1.00 or less occupants per room","Margin of Error!!Total:!!1.00 or less occupants per room","Estimate!!Total:!!1.01 or more occupants per room","Margin of Error!!Total:!!1.01 or more occupants per room",
"0500000US15001","Hawaii County, Hawaii","16229","635","14980","658","1249","280",
"0500000US15003","Honolulu County, Hawaii","153769","1772","140222","1824","13547","853",
"0500000US15005","Kalawao County, Hawaii","4","5","4","5","0","12",
"0500000US15007","Kauai County, Hawaii","6831","380","6190","390","641","212",
"0500000US15009","Maui County, Hawaii","14816","682","12580","694","2236","328",
