"Column Name","Label"
"GEO_ID","Geography"
"NAME","Geographic Area Name"
"B25015_001E","Estimate!!Total:"
"B25015_001M","Margin of Error!!Total:"
"B25015_002E","Estimate!!Total:!!Owner occupied:"
"B25015_002M","Margin of Error!!Total:!!Owner occupied:"
"B25015_003E","Estimate!!Total:!!Owner occupied:!!Householder 15 to 34 years:"
"B25015_003M","Margin of Error!!Total:!!Owner occupied:!!Householder 15 to 34 years:"
"B25015_004E","Estimate!!Total:!!Owner occupied:!!Householder 15 to 34 years:!!1.00 or less occupants per room"
"B25015_004M","Margin of Error!!Total:!!Owner occupied:!!Householder 15 to 34 years:!!1.00 or less occupants per room"
"B25015_005E","Estimate!!Total:!!Owner occupied:!!Householder 15 to 34 years:!!1.01 to 1.50 occupants per room"
"B25015_005M","Margin of Error!!Total:!!Owner occupied:!!Householder 15 to 34 years:!!1.01 to 1.50 occupants per room"
"B25015_006E","Estimate!!Total:!!Owner occupied:!!Householder 15 to 34 years:!!1.51 or more occupants per room"
"B25015_006M","Margin of Error!!Total:!!Owner occupied:!!Householder 15 to 34 years:!!1.51 or more occupants per room"
"B25015_007E","Estimate!!Total:!!Owner occupied:!!Householder 35 to 64 years:"
"B25015_007M","Margin of Error!!Total:!!Owner occupied:!!Householder 35 to 64 years:"
"B25015_008E","Estimate!!Total:!!Owner occupied:!!Householder 35 to 64 years:!!1.00 or less occupants per room"
"B25015_008M","Margin of Error!!Total:!!Owner occupied:!!Householder 35 to 64 years:!!1.00 or less occupants per room"
"B25015_009E","Estimate!!Total:!!Owner occupied:!!Householder 35 to 64 years:!!1.01 to 1.50 occupants per room"
"B25015_009M","Margin of Error!!Total:!!Owner occupied:!!Householder 35 to 64 years:!!1.01 to 1.50 occupants per room"
"B25015_010E","Estimate!!Total:!!Owner occupied:!!Householder 35 to 64 years:!!1.51 or more occupants per room"
"B25015_010M","Margin of Error!!Total:!!Owner occupied:!!Householder 35 to 64 years:!!1.51 or more occupants per room"
"B25015_011E","Estimate!!Total:!!Owner occupied:!!Householder 65 years and over:"
"B25015_011M","Margin of Error!!Total:!!Owner occupied:!!Householder 65 years and over:"
"B25015_012E","Estimate!!Total:!!Owner occupied:!!Householder 65 years and over:!!1.00 or less occupants per room"
"B25015_012M","Margin of Error!!Total:!!Owner occupied:!!Householder 65 years and over:!!1.00 or less occupants per room"
"B25015_013E","Estimate!!Total:!!Owner occupied:!!Householder 65 years and over:!!1.01 to 1.50 occupants per room"
"B25015_013M","Margin of Error!!Total:!!Owner occupied:!!Householder 65 years and over:!!1.01 to 1.50 occupants per room"
"B25015_014E","Estimate!!Total:!!Owner occupied:!!Householder 65 years and over:!!1.51 or more occupants per room"
"B25015_014M","Margin of Error!!Total:!!Owner occupied:!!Householder 65 years and over:!!1.51 or more occupants per room"
"B25015_015E","Estimate!!Total:!!Renter occupied:"
"B25015_015M","Margin of Error!!Total:!!Renter occupied:"
"B25015_016E","Estimate!!Total:!!Renter occupied:!!Householder 15 to 34 years:"
"B25015_016M","Margin of Error!!Total:!!Renter occupied:!!Householder 15 to 34 years:"
"B25015_017E","Estimate!!Total:!!Renter occupied:!!Householder 15 to 34 years:!!1.00 or less occupants per room"
"B25015_017M","Margin of Error!!Total:!!Renter occupied:!!Householder 15 to 34 years:!!1.00 or less occupants per room"
"B25015_018E","Estimate!!Total:!!Renter occupied:!!Householder 15 to 34 years:!!1.01 to 1.50 occupants per room"
"B25015_018M","Margin of Error!!Total:!!Renter occupied:!!Householder 15 to 34 years:!!1.01 to 1.50 occupants per room"
"B25015_019E","Estimate!!Total:!!Renter occupied:!!Householder 15 to 34 years:!!1.51 or more occupants per room"
"B25015_019M","Margin of Error!!Total:!!Renter occupied:!!Householder 15 to 34 years:!!1.51 or more occupants per room"
"B25015_020E","Estimate!!Total:!!Renter occupied:!!Householder 35 to 64 years:"
"B25015_020M","Margin of Error!!Total:!!Renter occupied:!!Householder 35 to 64 years:"
"B25015_021E","Estimate!!Total:!!Renter occupied:!!Householder 35 to 64 years:!!1.00 or less occupants per room"
"B25015_021M","Margin of Error!!Total:!!Renter occupied:!!Householder 35 to 64 years:!!1.00 or less occupants per room"
"B25015_022E","Estimate!!Total:!!Renter occupied:!!Householder 35 to 64 years:!!1.01 to 1.50 occupants per room"
"B25015_022M","Margin of Error!!Total:!!Renter occupied:!!Householder 35 to 64 years:!!1.01 to 1.50 occupants per room"
"B25015_023E","Estimate!!Total:!!Renter occupied:!!Householder 35 to 64 years:!!1.51 or more occupants per room"
"B25015_023M","Margin of Error!!Total:!!Renter occupied:!!Householder 35 to 64 years:!!1.51 or more occupants per room"
"B25015_024E","Estimate!!Total:!!Renter occupied:!!Householder 65 years and over:"
"B25015_024M","Margin of Error!!Total:!!Renter occupied:!!Householder 65 years and over:"
"B25015_025E","Estimate!!Total:!!Renter occupied:!!Householder 65 years and over:!!1.00 or less occupants per room"
"B25015_025M","Margin of Error!!Total:!!Renter occupied:!!Householder 65 years and over:!!1.00 or less occupants per room"
"B25015_026E","Estimate!!Total:!!Renter occupied:!!Householder 65 years and over:!!1.01 to 1.50 occupants per room"
"B25015_026M","Margin of Error!!Total:!!Renter occupied:!!Householder 65 years and over:!!1.01 to 1.50 occupants per room"
"B25015_027E","Estimate!!Total:!!Renter occupied:!!Householder 65 years and over:!!1.51 or more occupants per room"
"B25015_027M","Margin of Error!!Total:!!Renter occupied:!!Householder 65 years and over:!!1.51 or more occupants per room"
