"GEO_ID","NAME","B25014G_001E","B25014G_001M","B25014G_002E","B25014G_002M","B25014G_003E","B25014G_003M",
"Geography","Geographic Area Name","Estimate!!Total:","Margin of Error!!Total:","Estimate!!Total:!!1.00 or less occupants per room","Margin of Error!!Total:!!1.00 or less occupants per room","Estimate!!Total:!!1.01 or more occupants per room","Margin of Error!!Total:!!1.01 or more occupants per room",
"0500000US15001","Hawaii County, Hawaii","16549","830","14362","832","2187","447",
"0500000US15003","Honolulu County, Hawaii","62418","1287","56115","1137","6303","570",
"0500000US15005","Kalawao County, Hawaii","4","5","4","5","0","12",
"0500000US15007","Kauai County, Hawaii","4423","377","3879","396","544","143",
"0500000US15009","Maui County, Hawaii","11126","724","9971","722","1155","255",
