"GEO_ID","NAME","B25014B_001E","B25014B_001M","B25014B_002E","B25014B_002M","B25014B_003E","B25014B_003M",
"Geography","Geographic Area Name","Estimate!!Total:","Margin of Error!!Total:","Estimate!!Total:!!1.00 or less occupants per room","Margin of Error!!Total:!!1.00 or less occupants per room","Estimate!!Total:!!1.01 or more occupants per room","Margin of Error!!Total:!!1.01 or more occupants per room",
"0500000US15001","Hawaii County, Hawaii","804","281","802","281","2","3",
"0500000US15003","Honolulu County, Hawaii","9902","457","9593","491","309","125",
"0500000US15005","Kalawao County, Hawaii","0","12","0","12","0","12",
"0500000US15007","Kauai County, Hawaii","272","102","272","102","0","28",
"0500000US15009","Maui County, Hawaii","399","105","383","102","16","23",
