"GEO_ID","NAME","B25014I_001E","B25014I_001M","B25014I_002E","B25014I_002M","B25014I_003E","B25014I_003M",
"Geography","Geographic Area Name","Estimate!!Total:","Margin of Error!!Total:","Estimate!!Total:!!1.00 or less occupants per room","Margin of Error!!Total:!!1.00 or less occupants per room","Estimate!!Total:!!1.01 or more occupants per room","Margin of Error!!Total:!!1.01 or more occupants per room",
"0500000US15001","Hawaii County, Hawaii","5539","338","4844","390","695","254",
"0500000US15003","Honolulu County, Hawaii","23205","893","21498","832","1707","301",
"0500000US15005","Kalawao County, Hawaii","0","12","0","12","0","12",
"0500000US15007","Kauai County, Hawaii","1861","210","1673","217","188","96",
"0500000US15009","Maui County, Hawaii","4639","381","4206","409","433","161",
