"Column Name","Label"
"GEO_ID","Geography"
"NAME","Geographic Area Name"
"B25016_001E","Estimate!!Total:"
"B25016_001M","Margin of Error!!Total:"
"B25016_002E","Estimate!!Total:!!Owner occupied:"
"B25016_002M","Margin of Error!!Total:!!Owner occupied:"
"B25016_003E","Estimate!!Total:!!Owner occupied:!!Complete plumbing facilities:"
"B25016_003M","Margin of Error!!Total:!!Owner occupied:!!Complete plumbing facilities:"
"B25016_004E","Estimate!!Total:!!Owner occupied:!!Complete plumbing facilities:!!1.00 or less occupants per room"
"B25016_004M","Margin of Error!!Total:!!Owner occupied:!!Complete plumbing facilities:!!1.00 or less occupants per room"
"B25016_005E","Estimate!!Total:!!Owner occupied:!!Complete plumbing facilities:!!1.01 to 1.50 occupants per room"
"B25016_005M","Margin of Error!!Total:!!Owner occupied:!!Complete plumbing facilities:!!1.01 to 1.50 occupants per room"
"B25016_006E","Estimate!!Total:!!Owner occupied:!!Complete plumbing facilities:!!1.51 or more occupants per room"
"B25016_006M","Margin of Error!!Total:!!Owner occupied:!!Complete plumbing facilities:!!1.51 or more occupants per room"
"B25016_007E","Estimate!!Total:!!Owner occupied:!!Lacking complete plumbing facilities:"
"B25016_007M","Margin of Error!!Total:!!Owner occupied:!!Lacking complete plumbing facilities:"
"B25016_008E","Estimate!!Total:!!Owner occupied:!!Lacking complete plumbing facilities:!!1.00 or less occupants per room"
"B25016_008M","Margin of Error!!Total:!!Owner occupied:!!Lacking complete plumbing facilities:!!1.00 or less occupants per room"
"B25016_009E","Estimate!!Total:!!Owner occupied:!!Lacking complete plumbing facilities:!!1.01 to 1.50 occupants per room"
"B25016_009M","Margin of Error!!Total:!!Owner occupied:!!Lacking complete plumbing facilities:!!1.01 to 1.50 occupants per room"
"B25016_010E","Estimate!!Total:!!Owner occupied:!!Lacking complete plumbing facilities:!!1.51 or more occupants per room"
"B25016_010M","Margin of Error!!Total:!!Owner occupied:!!Lacking complete plumbing facilities:!!1.51 or more occupants per room"
"B25016_011E","Estimate!!Total:!!Renter occupied:"
"B25016_011M","Margin of Error!!Total:!!Renter occupied:"
"B25016_012E","Estimate!!Total:!!Renter occupied:!!Complete plumbing facilities:"
"B25016_012M","Margin of Error!!Total:!!Renter occupied:!!Complete plumbing facilities:"
"B25016_013E","Estimate!!Total:!!Renter occupied:!!Complete plumbing facilities:!!1.00 or less occupants per room"
"B25016_013M","Margin of Error!!Total:!!Renter occupied:!!Complete plumbing facilities:!!1.00 or less occupants per room"
"B25016_014E","Estimate!!Total:!!Renter occupied:!!Complete plumbing facilities:!!1.01 to 1.50 occupants per room"
"B25016_014M","Margin of Error!!Total:!!Renter occupied:!!Complete plumbing facilities:!!1.01 to 1.50 occupants per room"
"B25016_015E","Estimate!!Total:!!Renter occupied:!!Complete plumbing facilities:!!1.51 or more occupants per room"
"B25016_015M","Margin of Error!!Total:!!Renter occupied:!!Complete plumbing facilities:!!1.51 or more occupants per room"
"B25016_016E","Estimate!!Total:!!Renter occupied:!!Lacking complete plumbing facilities:"
"B25016_016M","Margin of Error!!Total:!!Renter occupied:!!Lacking complete plumbing facilities:"
"B25016_017E","Estimate!!Total:!!Renter occupied:!!Lacking complete plumbing facilities:!!1.00 or less occupants per room"
"B25016_017M","Margin of Error!!Total:!!Renter occupied:!!Lacking complete plumbing facilities:!!1.00 or less occupants per room"
"B25016_018E","Estimate!!Total:!!Renter occupied:!!Lacking complete plumbing facilities:!!1.01 to 1.50 occupants per room"
"B25016_018M","Margin of Error!!Total:!!Renter occupied:!!Lacking complete plumbing facilities:!!1.01 to 1.50 occupants per room"
"B25016_019E","Estimate!!Total:!!Renter occupied:!!Lacking complete plumbing facilities:!!1.51 or more occupants per room"
"B25016_019M","Margin of Error!!Total:!!Renter occupied:!!Lacking complete plumbing facilities:!!1.51 or more occupants per room"
