"GEO_ID","NAME","B25016_001E","B25016_001M","B25016_002E","B25016_002M","B25016_003E","B25016_003M","B25016_004E","B25016_004M","B25016_005E","B25016_005M","B25016_006E","B25016_006M","B25016_007E","B25016_007M","B25016_008E","B25016_008M","B25016_009E","B25016_009M","B25016_010E","B25016_010M","B25016_011E","B25016_011M","B25016_012E","B25016_012M","B25016_013E","B25016_013M","B25016_014E","B25016_014M","B25016_015E","B25016_015M","B25016_016E","B25016_016M","B25016_017E","B25016_017M","B25016_018E","B25016_018M","B25016_019E","B25016_019M",
"Geography","Geographic Area Name","Estimate!!Total:","Margin of Error!!Total:","Estimate!!Total:!!Owner occupied:","Margin of Error!!Total:!!Owner occupied:","Estimate!!Total:!!Owner occupied:!!Complete plumbing facilities:","Margin of Error!!Total:!!Owner occupied:!!Complete plumbing facilities:","Estimate!!Total:!!Owner occupied:!!Complete plumbing facilities:!!1.00 or less occupants per room","Margin of Error!!Total:!!Owner occupied:!!Complete plumbing facilities:!!1.00 or less occupants per room","Estimate!!Total:!!Owner occupied:!!Complete plumbing facilities:!!1.01 to 1.50 occupants per room","Margin of Error!!Total:!!Owner occupied:!!Complete plumbing facilities:!!1.01 to 1.50 occupants per room","Estimate!!Total:!!Owner occupied:!!Complete plumbing facilities:!!1.51 or more occupants per room","Margin of Error!!Total:!!Owner occupied:!!Complete plumbing facilities:!!1.51 or more occupants per room","Estimate!!Total:!!Owner occupied:!!Lacking complete plumbing facilities:","Margin of Error!!Total:!!Owner occupied:!!Lacking complete plumbing facilities:","Estimate!!Total:!!Owner occupied:!!Lacking complete plumbing facilities:!!1.00 or less occupants per room","Margin of Error!!Total:!!Owner occupied:!!Lacking complete plumbing facilities:!!1.00 or less occupants per room","Estimate!!Total:!!Owner occupied:!!Lacking complete plumbing facilities:!!1.01 to 1.50 occupants per room","Margin of Error!!Total:!!Owner occupied:!!Lacking complete plumbing facilities:!!1.01 to 1.50 occupants per room","Estimate!!Total:!!Owner occupied:!!Lacking complete plumbing facilities:!!1.51 or more occupants per room","Margin of Error!!Total:!!Owner occupied:!!Lacking complete plumbing facilities:!!1.51 or more occupants per room","Estimate!!Total:!!Renter occupied:","Margin of Error!!Total:!!Renter occupied:","Estimate!!Total:!!Renter occupied:!!Complete plumbing facilities:","Margin of Error!!Total:!!Renter occupied:!!Complete plumbing facilities:","Estimate!!Total:!!Renter occupied:!!Complete plumbing facilities:!!1.00 or less occupants per room","Margin of Error!!Total:!!Renter occupied:!!Complete plumbing facilities:!!1.00 or less occupants per room","Estimate!!Total:!!Renter occupied:!!Complete plumbing facilities:!!1.01 to 1.50 occupants per room","Margin of Error!!Total:!!Renter occupied:!!Complete plumbing facilities:!!1.01 to 1.50 occupants per room","Estimate!!Total:!!Renter occupied:!!Complete plumbing facilities:!!1.51 or more occupants per room","Margin of Error!!Total:!!Renter occupied:!!Complete plumbing facilities:!!1.51 or more occupants per room","Estimate!!Total:!!Renter occupied:!!Lacking complete plumbing facilities:","Margin of Error!!Total:!!Renter occupied:!!Lacking complete plumbing facilities:","Estimate!!Total:!!Renter occupied:!!Lacking complete plumbing facilities:!!1.00 or less occupants per room","Margin of Error!!Total:!!Renter occupied:!!Lacking complete plumbing facilities:!!1.00 or less occupants per room","Estimate!!Total:!!Renter occupied:!!Lacking complete plumbing facilities:!!1.01 to 1.50 occupants per room","Margin of Error!!Total:!!Renter occupied:!!Lacking complete plumbing facilities:!!1.01 to 1.50 occupants per room","Estimate!!Total:!!Renter occupied:!!Lacking complete plumbing facilities:!!1.51 or more occupants per room","Margin of Error!!Total:!!Renter occupied:!!Lacking complete plumbing facilities:!!1.51 or more occupants per room",
"0500000US15001","Hawaii County, Hawaii","72958","1042","53333","1236","52500","1279","49788","1246","1743","289","969","245","833","282","768","275","17","21","48","34","19625","1026","19114","1017","16055","925","1853","374","1206","333","511","241","378","182","14","20","119","144",
"0500000US15003","Honolulu County, Hawaii","337061","1356","200686","2098","199872","2113","186971","2269","8102","730","4799","478","814","226","726","218","49","44","39","42","136375","1928","135509","1899","119260","2067","8328","679","7921","608","866","243","667","206","19","27","180","127",
"0500000US15005","Kalawao County, Hawaii","22","16","0","12","0","12","0","12","0","12","0","12","0","12","0","12","0","12","0","12","22","16","22","16","22","16","0","12","0","12","0","12","0","12","0","12","0","12",
"0500000US15007","Kauai County, Hawaii","23465","519","15788","586","15775","588","14721","576","761","214","293","116","13","14","13","14","0","28","0","28","7677","587","7637","588","6866","592","467","123","304","112","40","42","39","43","1","4","0","28",
"0500000US15009","Maui County, Hawaii","55485","683","36062","1045","35853","1032","33038","1056","1782","262","1033","259","209","101","202","102","6","9","1","3","19423","956","19271","943","16524","945","1570","331","1177","278","152","120","44","37","0","28","108","110",
